,player_id,game_id,week,player_name,team,pts,preds,position
0,00-0023459,2024_01_NYJ_SF,1,A.Rodgers,NYJ,9.68,7.83,QB
1,00-0023459,2024_02_NYJ_TEN,2,A.Rodgers,NYJ,15.24,12.83,QB
2,00-0023459,2024_03_NE_NYJ,3,A.Rodgers,NYJ,21.04,21.89,QB
3,00-0023459,2024_04_DEN_NYJ,4,A.Rodgers,NYJ,10.6,21.99,QB
4,00-0023459,2024_05_NYJ_MIN,5,A.Rodgers,NYJ,17.76,24.33,QB
5,00-0026158,2024_04_PIT_IND,4,J.Flacco,IND,15.12,13.4,QB
6,00-0026158,2024_05_IND_JAX,5,J.Flacco,IND,28.66,22.28,QB
7,00-0026300,2024_04_BUF_BAL,4,J.Johnson,BAL,0.04,0.26,QB
8,00-0026498,2024_01_LA_DET,1,M.Stafford,LA,16.68,19.52,QB
9,00-0026498,2024_02_LA_ARI,2,M.Stafford,LA,8.64,13.9,QB
10,00-0026498,2024_03_SF_LA,3,M.Stafford,LA,12.84,10.83,QB
11,00-0026498,2024_04_LA_CHI,4,M.Stafford,LA,8.96,14.72,QB
12,00-0026498,2024_05_GB_LA,5,M.Stafford,LA,14.4,20.51,QB
13,00-0027973,2024_01_CAR_NO,1,A.Dalton,CAR,0.0,0.26,QB
14,00-0027973,2024_03_CAR_LV,3,A.Dalton,CAR,24.76,20.32,QB
15,00-0027973,2024_04_CIN_CAR,4,A.Dalton,CAR,17.8,19.02,QB
16,00-0027973,2024_05_CAR_CHI,5,A.Dalton,CAR,3.74,12.44,QB
17,00-0028118,2024_01_NYJ_SF,1,T.Taylor,NYJ,6.14,6.8,QB
19,00-0029604,2024_01_PIT_ATL,1,K.Cousins,ATL,9.2,9.57,QB
20,00-0029604,2024_02_ATL_PHI,2,K.Cousins,ATL,17.74,17.28,QB
21,00-0029604,2024_03_KC_ATL,3,K.Cousins,ATL,13.2,13.17,QB
22,00-0029604,2024_04_NO_ATL,4,K.Cousins,ATL,9.52,13.09,QB
23,00-0029604,2024_05_TB_ATL,5,K.Cousins,ATL,36.36,21.18,QB
24,00-0029892,2024_01_NYJ_SF,1,K.Juszczyk,SF,5.0,3.82,RB
25,00-0029892,2024_02_SF_MIN,2,K.Juszczyk,SF,3.4,4.8,RB
26,00-0029892,2024_03_SF_LA,3,K.Juszczyk,SF,1.1,0.98,RB
27,00-0029892,2024_04_NE_SF,4,K.Juszczyk,SF,1.7,0.98,RB
28,00-0029892,2024_06_SF_SEA,6,K.Juszczyk,SF,9.1,4.64,RB
29,00-0030035,2024_01_CAR_NO,1,A.Thielen,CAR,6.4,4.97,WR
30,00-0030035,2024_02_LAC_CAR,2,A.Thielen,CAR,3.0,2.83,WR
31,00-0030035,2024_03_CAR_LV,3,A.Thielen,CAR,11.5,6.46,WR
32,00-0030061,2024_01_WAS_TB,1,Z.Ertz,WAS,4.3,3.93,TE
33,00-0030061,2024_02_NYG_WAS,2,Z.Ertz,WAS,8.2,5.48,TE
34,00-0030061,2024_03_WAS_CIN,3,Z.Ertz,WAS,6.3,5.09,TE
35,00-0030061,2024_04_WAS_ARI,4,Z.Ertz,WAS,5.7,5.32,TE
36,00-0030061,2024_05_CLE_WAS,5,Z.Ertz,WAS,2.0,11.62,TE
37,00-0030279,2024_01_TEN_CHI,1,K.Allen,CHI,4.9,13.99,WR
38,00-0030279,2024_04_LA_CHI,4,K.Allen,CHI,3.4,2.83,WR
39,00-0030279,2024_05_CAR_CHI,5,K.Allen,CHI,4.8,9.87,WR
40,00-0030431,2024_03_HOU_MIN,3,R.Woods,HOU,2.8,1.85,WR
41,00-0030431,2024_04_JAX_HOU,4,R.Woods,HOU,1.5,4.45,WR
42,00-0030506,2024_01_BAL_KC,1,T.Kelce,KC,4.9,4.82,TE
43,00-0030506,2024_02_CIN_KC,2,T.Kelce,KC,1.1,6.58,TE
44,00-0030506,2024_03_KC_ATL,3,T.Kelce,KC,5.0,5.29,TE
45,00-0030506,2024_04_KC_LAC,4,T.Kelce,KC,12.4,10.16,TE
46,00-0030506,2024_05_NO_KC,5,T.Kelce,KC,11.5,10.88,TE
47,00-0030564,2024_01_TEN_CHI,1,D.Hopkins,TEN,1.3,0.98,WR
48,00-0030564,2024_02_NYJ_TEN,2,D.Hopkins,TEN,1.4,3.07,WR
49,00-0030564,2024_03_GB_TEN,3,D.Hopkins,TEN,16.3,8.89,WR
50,00-0030564,2024_04_TEN_MIA,4,D.Hopkins,TEN,4.1,4.91,WR
51,00-0030565,2024_01_DEN_SEA,1,G.Smith,SEA,20.24,12.48,QB
52,00-0030565,2024_02_SEA_NE,2,G.Smith,SEA,17.98,17.91,QB
53,00-0030565,2024_03_MIA_SEA,3,G.Smith,SEA,15.56,11.33,QB
54,00-0030565,2024_04_SEA_DET,4,G.Smith,SEA,22.6,29.78,QB
55,00-0030565,2024_05_NYG_SEA,5,G.Smith,SEA,21.56,19.51,QB
56,00-0030565,2024_06_SF_SEA,6,G.Smith,SEA,16.48,31.04,QB
57,00-0030578,2024_01_PIT_ATL,1,C.Patterson,PIT,1.3,1.97,RB
58,00-0030578,2024_02_PIT_DEN,2,C.Patterson,PIT,0.3,0.99,RB
59,00-0030578,2024_03_LAC_PIT,3,C.Patterson,PIT,6.3,7.49,RB
60,00-0030578,2024_04_PIT_IND,4,C.Patterson,PIT,7.2,4.92,RB
61,00-0031235,2024_05_MIA_NE,5,O.Beckham,MIA,0.0,3.17,WR
62,00-0031236,2024_01_DAL_CLE,1,B.Cooks,DAL,12.5,8.67,WR
63,00-0031236,2024_02_NO_DAL,2,B.Cooks,DAL,2.6,2.8,WR
64,00-0031236,2024_03_BAL_DAL,3,B.Cooks,DAL,2.6,8.63,WR
65,00-0031236,2024_04_DAL_NYG,4,B.Cooks,DAL,2.1,4.57,WR
66,00-0031280,2024_01_CAR_NO,1,D.Carr,NO,21.3,14.94,QB
67,00-0031280,2024_02_NO_DAL,2,D.Carr,NO,23.82,10.34,QB
68,00-0031280,2024_03_PHI_NO,3,D.Carr,NO,10.08,13.02,QB
69,00-0031280,2024_04_NO_ATL,4,D.Carr,NO,10.06,23.32,QB
70,00-0031280,2024_05_NO_KC,5,D.Carr,NO,14.6,12.57,QB
71,00-0031299,2024_01_CAR_NO,1,J.Matthews,CAR,0.0,1.47,TE
72,00-0031381,2024_01_LV_LAC,1,D.Adams,LV,8.4,7.15,WR
73,00-0031381,2024_02_LV_BAL,2,D.Adams,LV,21.5,17.94,WR
74,00-0031381,2024_03_CAR_LV,3,D.Adams,LV,6.0,10.1,WR
75,00-0031408,2024_01_WAS_TB,1,M.Evans,TB,20.6,13.24,WR
76,00-0031408,2024_02_TB_DET,2,M.Evans,TB,5.7,7.05,WR
77,00-0031408,2024_03_DEN_TB,3,M.Evans,TB,2.7,3.43,WR
78,00-0031408,2024_04_PHI_TB,4,M.Evans,TB,19.4,21.92,WR
79,00-0031408,2024_05_TB_ATL,5,M.Evans,TB,20.7,10.97,WR
80,00-0031503,2024_02_CLE_JAX,2,J.Winston,CLE,0.4,0.99,QB
81,00-0031503,2024_03_NYG_CLE,3,J.Winston,CLE,0.1,0.99,QB
82,00-0031503,2024_05_CLE_WAS,5,J.Winston,CLE,0.34,0.75,QB
83,00-0031544,2024_01_DAL_CLE,1,A.Cooper,CLE,2.6,11.95,WR
84,00-0031544,2024_02_CLE_JAX,2,A.Cooper,CLE,2.6,8.72,WR
85,00-0031544,2024_03_NYG_CLE,3,A.Cooper,CLE,24.1,15.65,WR
86,00-0031544,2024_04_CLE_LV,4,A.Cooper,CLE,5.5,8.97,WR
87,00-0031544,2024_05_CLE_WAS,5,A.Cooper,CLE,8.0,12.42,WR
88,00-0031549,2024_01_BAL_KC,1,N.Agholor,BAL,1.1,0.98,WR
89,00-0031549,2024_02_LV_BAL,2,N.Agholor,BAL,1.8,3.43,WR
90,00-0031549,2024_03_BAL_DAL,3,N.Agholor,BAL,6.1,0.98,WR
91,00-0031549,2024_04_BUF_BAL,4,N.Agholor,BAL,2.0,4.03,WR
92,00-0031549,2024_05_BAL_CIN,5,N.Agholor,BAL,0.9,5.87,WR
93,00-0031585,2024_01_PIT_ATL,1,M.Pruitt,PIT,1.4,1.96,TE
94,00-0031588,2024_01_HOU_IND,1,S.Diggs,HOU,18.9,10.03,WR
95,00-0031588,2024_02_CHI_HOU,2,S.Diggs,HOU,5.7,8.06,WR
96,00-0031588,2024_03_HOU_MIN,3,S.Diggs,HOU,14.92,13.78,WR
97,00-0031588,2024_04_JAX_HOU,4,S.Diggs,HOU,16.0,11.49,WR
98,00-0031588,2024_05_BUF_HOU,5,S.Diggs,HOU,11.2,9.91,WR
99,00-0031595,2024_01_DEN_SEA,1,M.Burton,DEN,0.8,0.98,RB
100,00-0031595,2024_02_PIT_DEN,2,M.Burton,DEN,0.6,0.98,RB
101,00-0031595,2024_04_DEN_NYJ,4,M.Burton,DEN,0.8,0.87,RB
102,00-0031595,2024_05_LV_DEN,5,M.Burton,DEN,1.0,0.98,RB
103,00-0031687,2024_01_JAX_MIA,1,R.Mostert,MIA,2.9,5.68,RB
104,00-0031687,2024_05_MIA_NE,5,R.Mostert,MIA,10.8,11.38,RB
105,00-0031690,2024_02_LAC_CAR,2,E.Tomlinson,LAC,0.0,0.98,TE
106,00-0031763,2024_01_TEN_CHI,1,D.Carter,CHI,1.1,2.45,WR
107,00-0031763,2024_02_CHI_HOU,2,D.Carter,CHI,4.7,4.9,WR
108,00-0031763,2024_03_CHI_IND,3,D.Carter,CHI,3.7,7.45,WR
109,00-0031800,2024_03_LAC_PIT,3,T.Heinicke,LAC,0.96,1.6,QB
110,00-0031941,2024_01_WAS_TB,1,J.Crowder,WAS,1.0,0.87,WR
111,00-0032104,2024_02_LV_BAL,2,A.Abdullah,LV,1.2,2.73,RB
112,00-0032104,2024_03_CAR_LV,3,A.Abdullah,LV,2.3,1.74,RB
113,00-0032104,2024_05_LV_DEN,5,A.Abdullah,LV,12.6,6.84,RB
114,00-0032128,2024_02_SF_MIN,2,C.Conley,SF,0.9,0.98,WR
115,00-0032128,2024_04_NE_SF,4,C.Conley,SF,0.0,3.23,WR
116,00-0032211,2024_01_DEN_SEA,1,T.Lockett,SEA,10.7,8.82,WR
117,00-0032211,2024_02_SEA_NE,2,T.Lockett,SEA,2.5,2.3,WR
118,00-0032211,2024_03_MIA_SEA,3,T.Lockett,SEA,7.1,8.24,WR
119,00-0032211,2024_04_SEA_DET,4,T.Lockett,SEA,8.6,11.98,WR
120,00-0032211,2024_05_NYG_SEA,5,T.Lockett,SEA,9.5,8.02,WR
121,00-0032211,2024_06_SF_SEA,6,T.Lockett,SEA,14.5,13.66,WR
122,00-0032268,2024_05_CLE_WAS,5,M.Mariota,WAS,0.12,1.76,QB
123,00-0032385,2024_04_PHI_TB,4,S.Shepard,TB,6.6,6.22,WR
124,00-0032385,2024_05_TB_ATL,5,S.Shepard,TB,6.9,5.62,WR
125,00-0032392,2024_01_NE_CIN,1,A.Hooper,NE,4.1,4.19,TE
126,00-0032392,2024_02_SEA_NE,2,A.Hooper,NE,1.0,0.98,TE
127,00-0032392,2024_03_NE_NYJ,3,A.Hooper,NE,2.4,4.3,TE
128,00-0032392,2024_04_NE_SF,4,A.Hooper,NE,8.3,2.61,TE
129,00-0032392,2024_05_MIA_NE,5,A.Hooper,NE,1.4,4.02,TE
130,00-0032394,2024_01_TEN_CHI,1,N.Vannett,TEN,2.1,1.74,TE
131,00-0032394,2024_03_GB_TEN,3,N.Vannett,TEN,7.9,3.66,TE
132,00-0032464,2024_01_LA_DET,1,K.Raymond,DET,1.2,0.49,WR
133,00-0032464,2024_02_TB_DET,2,K.Raymond,DET,4.2,4.3,WR
134,00-0032464,2024_04_SEA_DET,4,K.Raymond,DET,1.4,0.87,WR
135,00-0032688,2024_02_BUF_MIA,2,R.Chosen,MIA,1.0,6.77,WR
136,00-0032764,2024_01_BAL_KC,1,D.Henry,BAL,10.6,9.12,RB
137,00-0032764,2024_02_LV_BAL,2,D.Henry,BAL,16.1,12.75,RB
138,00-0032764,2024_03_BAL_DAL,3,D.Henry,BAL,29.9,18.61,RB
139,00-0032764,2024_04_BUF_BAL,4,D.Henry,BAL,40.4,24.5,RB
140,00-0032764,2024_05_BAL_CIN,5,D.Henry,BAL,16.1,13.45,RB
141,00-0032775,2024_01_LA_DET,1,D.Robinson,LA,6.2,9.11,WR
142,00-0032775,2024_02_LA_ARI,2,D.Robinson,LA,6.0,6.05,WR
143,00-0032775,2024_03_SF_LA,3,D.Robinson,LA,3.7,5.55,WR
144,00-0032775,2024_04_LA_CHI,4,D.Robinson,LA,4.7,5.43,WR
145,00-0032775,2024_05_GB_LA,5,D.Robinson,LA,10.3,9.03,WR
146,00-0032918,2024_01_MIN_NYG,1,C.Ham,MIN,2.1,1.96,RB
147,00-0032918,2024_05_NYJ_MIN,5,C.Ham,MIN,7.0,2.83,RB
148,00-0033009,2024_01_TEN_CHI,1,T.Boyd,TEN,3.3,5.28,WR
149,00-0033009,2024_02_NYJ_TEN,2,T.Boyd,TEN,3.6,5.71,WR
150,00-0033009,2024_03_GB_TEN,3,T.Boyd,TEN,4.8,4.02,WR
151,00-0033009,2024_04_TEN_MIA,4,T.Boyd,TEN,4.1,2.34,WR
152,00-0033040,2024_01_JAX_MIA,1,T.Hill,MIA,22.5,15.27,WR
153,00-0033040,2024_02_BUF_MIA,2,T.Hill,MIA,5.1,7.63,WR
154,00-0033040,2024_03_MIA_SEA,3,T.Hill,MIA,5.5,5.66,WR
155,00-0033040,2024_04_TEN_MIA,4,T.Hill,MIA,6.2,12.22,WR
156,00-0033040,2024_05_MIA_NE,5,T.Hill,MIA,9.9,12.69,WR
157,00-0033045,2024_01_DAL_CLE,1,E.Elliott,DAL,11.9,8.58,RB
158,00-0033045,2024_02_NO_DAL,2,E.Elliott,DAL,4.2,6.53,RB
159,00-0033045,2024_03_BAL_DAL,3,E.Elliott,DAL,1.7,3.22,RB
160,00-0033045,2024_04_DAL_NYG,4,E.Elliott,DAL,2.9,3.45,RB
161,00-0033045,2024_05_DAL_PIT,5,E.Elliott,DAL,1.7,4.1,RB
162,00-0033077,2024_01_DAL_CLE,1,D.Prescott,DAL,11.46,13.52,QB
163,00-0033077,2024_02_NO_DAL,2,D.Prescott,DAL,16.92,18.54,QB
164,00-0033077,2024_03_BAL_DAL,3,D.Prescott,DAL,28.86,29.48,QB
165,00-0033077,2024_04_DAL_NYG,4,D.Prescott,DAL,16.84,8.33,QB
166,00-0033077,2024_05_DAL_PIT,5,D.Prescott,DAL,22.38,21.07,QB
167,00-0033090,2024_01_NE_CIN,1,H.Henry,NE,2.8,4.03,TE
168,00-0033090,2024_02_SEA_NE,2,H.Henry,NE,14.9,12.22,TE
169,00-0033090,2024_03_NE_NYJ,3,H.Henry,NE,1.9,2.72,TE
170,00-0033090,2024_04_NE_SF,4,H.Henry,NE,2.2,3.55,TE
171,00-0033090,2024_05_MIA_NE,5,H.Henry,NE,4.2,5.48,TE
172,00-0033106,2024_01_LA_DET,1,J.Goff,DET,13.38,13.6,QB
173,00-0033106,2024_02_TB_DET,2,J.Goff,DET,12.78,22.97,QB
174,00-0033106,2024_03_DET_ARI,3,J.Goff,DET,16.76,10.13,QB
175,00-0033106,2024_04_SEA_DET,4,J.Goff,DET,26.88,9.88,QB
176,00-0033119,2024_01_NE_CIN,1,J.Brissett,NE,8.24,12.02,QB
177,00-0033119,2024_02_SEA_NE,2,J.Brissett,NE,10.56,13.99,QB
178,00-0033119,2024_03_NE_NYJ,3,J.Brissett,NE,3.92,8.81,QB
179,00-0033119,2024_04_NE_SF,4,J.Brissett,NE,11.02,14.02,QB
180,00-0033119,2024_05_MIA_NE,5,J.Brissett,NE,7.4,15.82,QB
181,00-0033217,2024_01_HOU_IND,1,M.Alie-Cox,IND,0.0,2.2,TE
182,00-0033217,2024_02_IND_GB,2,M.Alie-Cox,IND,2.7,1.43,TE
183,00-0033217,2024_03_CHI_IND,3,M.Alie-Cox,IND,0.0,1.05,TE
184,00-0033217,2024_05_IND_JAX,5,M.Alie-Cox,IND,10.7,7.19,TE
185,00-0033246,2024_01_MIN_NYG,1,J.Mundt,MIN,2.5,2.94,TE
186,00-0033246,2024_02_SF_MIN,2,J.Mundt,MIN,2.2,2.94,TE
187,00-0033246,2024_03_HOU_MIN,3,J.Mundt,MIN,6.7,5.62,TE
188,00-0033246,2024_04_MIN_GB,4,J.Mundt,MIN,2.5,1.96,TE
189,00-0033246,2024_05_NYJ_MIN,5,J.Mundt,MIN,4.1,2.46,TE
190,00-0033282,2024_01_ARI_BUF,1,C.Samuel,BUF,2.5,1.85,WR
191,00-0033282,2024_02_BUF_MIA,2,C.Samuel,BUF,0.8,3.75,WR
192,00-0033282,2024_03_JAX_BUF,3,C.Samuel,BUF,3.7,3.77,WR
193,00-0033282,2024_04_BUF_BAL,4,C.Samuel,BUF,2.5,2.46,WR
194,00-0033282,2024_05_BUF_HOU,5,C.Samuel,BUF,0.4,6.78,WR
195,00-0033288,2024_01_NYJ_SF,1,G.Kittle,SF,6.0,5.67,TE
196,00-0033288,2024_02_SF_MIN,2,G.Kittle,SF,17.1,9.42,TE
197,00-0033288,2024_04_NE_SF,4,G.Kittle,SF,12.5,6.65,TE
198,00-0033288,2024_05_ARI_SF,5,G.Kittle,SF,16.4,18.38,TE
199,00-0033288,2024_06_SF_SEA,6,G.Kittle,SF,20.3,10.8,TE
200,00-0033293,2024_01_MIN_NYG,1,A.Jones,MIN,17.9,11.72,RB
201,00-0033293,2024_02_SF_MIN,2,A.Jones,MIN,9.3,11.82,RB
202,00-0033293,2024_03_HOU_MIN,3,A.Jones,MIN,23.3,23.59,RB
203,00-0033293,2024_04_MIN_GB,4,A.Jones,MIN,15.9,21.68,RB
204,00-0033293,2024_05_NYJ_MIN,5,A.Jones,MIN,5.8,4.93,RB
205,00-0033307,2024_05_MIA_NE,5,K.Bourne,NE,1.1,0.87,WR
206,00-0033319,2024_05_NYJ_MIN,5,N.Mullens,MIN,0.96,0.62,QB
207,00-0033357,2024_01_CAR_NO,1,T.Hill,NO,4.1,6.14,QB
208,00-0033357,2024_02_NO_DAL,2,T.Hill,NO,2.4,2.35,QB
209,00-0033357,2024_04_NO_ATL,4,T.Hill,NO,14.4,5.9,QB
210,00-0033375,2024_02_TB_DET,2,T.Patrick,DET,2.2,4.79,WR
211,00-0033375,2024_03_DET_ARI,3,T.Patrick,DET,1.3,0.98,WR
212,00-0033375,2024_04_SEA_DET,4,T.Patrick,DET,6.2,2.67,WR
213,00-0033376,2024_02_LV_BAL,2,P.Ricard,BAL,0.0,0.87,RB
214,00-0033439,2024_03_MIA_SEA,3,P.Brown,SEA,1.4,1.96,TE
215,00-0033439,2024_04_SEA_DET,4,P.Brown,SEA,0.8,1.85,TE
216,00-0033439,2024_05_NYG_SEA,5,P.Brown,SEA,1.2,0.98,TE
217,00-0033460,2024_04_PHI_TB,4,J.Ross,PHI,1.1,3.18,WR
218,00-0033526,2024_01_BAL_KC,1,S.Perine,KC,1.5,1.74,RB
219,00-0033526,2024_02_CIN_KC,2,S.Perine,KC,0.8,0.87,RB
220,00-0033526,2024_03_KC_ATL,3,S.Perine,KC,5.5,6.55,RB
221,00-0033526,2024_04_KC_LAC,4,S.Perine,KC,7.4,4.36,RB
222,00-0033526,2024_05_NO_KC,5,S.Perine,KC,1.4,3.4,RB
223,00-0033536,2024_02_NYJ_TEN,2,M.Williams,NYJ,2.4,1.47,WR
224,00-0033536,2024_03_NE_NYJ,3,M.Williams,NYJ,4.9,7.0,WR
225,00-0033536,2024_04_DEN_NYJ,4,M.Williams,NYJ,8.7,6.88,WR
226,00-0033536,2024_05_NYJ_MIN,5,M.Williams,NYJ,3.5,5.39,WR
227,00-0033537,2024_01_DAL_CLE,1,D.Watson,CLE,14.66,24.22,QB
228,00-0033537,2024_02_CLE_JAX,2,D.Watson,CLE,15.44,17.34,QB
229,00-0033537,2024_03_NYG_CLE,3,D.Watson,CLE,19.54,19.05,QB
230,00-0033537,2024_04_CLE_LV,4,D.Watson,CLE,14.24,18.93,QB
231,00-0033537,2024_05_CLE_WAS,5,D.Watson,CLE,10.4,17.84,QB
232,00-0033553,2024_01_ARI_BUF,1,J.Conner,ARI,17.8,16.6,RB
233,00-0033553,2024_02_LA_ARI,2,J.Conner,ARI,24.9,12.74,RB
234,00-0033553,2024_03_DET_ARI,3,J.Conner,ARI,3.0,5.31,RB
235,00-0033553,2024_04_WAS_ARI,4,J.Conner,ARI,17.8,13.03,RB
236,00-0033553,2024_05_ARI_SF,5,J.Conner,ARI,13.0,15.26,RB
237,00-0033555,2024_01_ARI_BUF,1,M.Hollins,BUF,9.5,4.68,WR
238,00-0033555,2024_02_BUF_MIA,2,M.Hollins,BUF,0.0,0.87,WR
239,00-0033555,2024_03_JAX_BUF,3,M.Hollins,BUF,2.1,2.94,WR
240,00-0033555,2024_04_BUF_BAL,4,M.Hollins,BUF,1.0,7.84,WR
241,00-0033555,2024_05_BUF_HOU,5,M.Hollins,BUF,3.7,9.74,WR
242,00-0033576,2024_01_NYJ_SF,1,E.Saubert,SF,0.0,1.85,TE
243,00-0033576,2024_02_SF_MIN,2,E.Saubert,SF,3.6,1.96,TE
244,00-0033576,2024_03_SF_LA,3,E.Saubert,SF,3.4,2.91,TE
245,00-0033589,2024_01_CAR_NO,1,D.Moore,CAR,1.9,4.58,WR
246,00-0033589,2024_02_LAC_CAR,2,D.Moore,CAR,0.0,0.98,WR
247,00-0033589,2024_05_CAR_CHI,5,D.Moore,CAR,2.3,2.94,WR
248,00-0033591,2024_02_NYG_WAS,2,N.Brown,WAS,7.1,3.98,WR
249,00-0033591,2024_03_WAS_CIN,3,N.Brown,WAS,4.4,4.42,WR
250,00-0033591,2024_04_WAS_ARI,4,N.Brown,WAS,4.1,4.22,WR
251,00-0033662,2024_02_NO_DAL,2,C.Rush,DAL,0.24,1.09,QB
252,00-0033699,2024_01_WAS_TB,1,A.Ekeler,WAS,8.2,5.16,RB
253,00-0033699,2024_02_NYG_WAS,2,A.Ekeler,WAS,10.0,7.64,RB
254,00-0033699,2024_03_WAS_CIN,3,A.Ekeler,WAS,12.7,3.65,RB
255,00-0033699,2024_05_CLE_WAS,5,A.Ekeler,WAS,10.7,5.52,RB
256,00-0033854,2024_01_HOU_IND,1,D.Ogunbowale,HOU,0.8,0.98,RB
257,00-0033854,2024_02_CHI_HOU,2,D.Ogunbowale,HOU,3.3,2.95,RB
258,00-0033854,2024_03_HOU_MIN,3,D.Ogunbowale,HOU,3.8,1.74,RB
259,00-0033854,2024_04_JAX_HOU,4,D.Ogunbowale,HOU,13.4,7.68,RB
260,00-0033854,2024_05_BUF_HOU,5,D.Ogunbowale,HOU,11.7,13.93,RB
261,00-0033857,2024_01_BAL_KC,1,J.Smith-Schuster,KC,0.0,2.83,WR
262,00-0033857,2024_03_KC_ATL,3,J.Smith-Schuster,KC,8.7,2.97,WR
263,00-0033857,2024_05_NO_KC,5,J.Smith-Schuster,KC,16.5,10.93,WR
264,00-0033858,2024_01_JAX_MIA,1,J.Smith,MIA,1.2,1.85,TE
265,00-0033858,2024_02_BUF_MIA,2,J.Smith,MIA,8.3,7.25,TE
266,00-0033858,2024_03_MIA_SEA,3,J.Smith,MIA,2.8,2.9,TE
267,00-0033858,2024_04_TEN_MIA,4,J.Smith,MIA,0.0,0.87,TE
268,00-0033858,2024_05_MIA_NE,5,J.Smith,MIA,8.6,9.28,TE
269,00-0033869,2024_03_JAX_BUF,3,M.Trubisky,BUF,0.12,0.26,QB
270,00-0033869,2024_04_BUF_BAL,4,M.Trubisky,BUF,0.08,0.92,QB
271,00-0033873,2024_01_BAL_KC,1,P.Mahomes,KC,16.74,13.62,QB
272,00-0033873,2024_02_CIN_KC,2,P.Mahomes,KC,16.94,16.26,QB
273,00-0033873,2024_03_KC_ATL,3,P.Mahomes,KC,19.68,19.56,QB
274,00-0033873,2024_04_KC_LAC,4,P.Mahomes,KC,15.3,12.67,QB
275,00-0033873,2024_05_NO_KC,5,P.Mahomes,KC,15.74,20.36,QB
276,00-0033881,2024_01_JAX_MIA,1,E.Engram,JAX,1.0,4.51,TE
277,00-0033885,2024_01_DAL_CLE,1,D.Njoku,CLE,6.4,4.87,TE
278,00-0033885,2024_05_CLE_WAS,5,D.Njoku,CLE,1.9,3.32,TE
279,00-0033895,2024_01_TEN_CHI,1,G.Everett,CHI,0.4,0.87,TE
280,00-0033895,2024_02_CHI_HOU,2,G.Everett,CHI,1.1,2.72,TE
281,00-0033895,2024_03_CHI_IND,3,G.Everett,CHI,0.0,2.29,TE
282,00-0033895,2024_05_CAR_CHI,5,G.Everett,CHI,3.2,1.85,TE
283,00-0033897,2024_01_HOU_IND,1,J.Mixon,HOU,25.3,24.33,RB
284,00-0033897,2024_02_CHI_HOU,2,J.Mixon,HOU,6.5,9.15,RB
285,00-0033906,2024_01_CAR_NO,1,A.Kamara,NO,19.5,18.61,RB
286,00-0033906,2024_02_NO_DAL,2,A.Kamara,NO,43.0,14.64,RB
287,00-0033906,2024_03_PHI_NO,3,A.Kamara,NO,14.2,17.14,RB
288,00-0033906,2024_04_NO_ATL,4,A.Kamara,NO,21.4,23.08,RB
289,00-0033906,2024_05_NO_KC,5,A.Kamara,NO,9.6,13.58,RB
290,00-0033908,2024_01_LA_DET,1,C.Kupp,LA,25.0,27.36,WR
291,00-0033908,2024_02_LA_ARI,2,C.Kupp,LA,5.7,6.27,WR
292,00-0033921,2024_01_WAS_TB,1,C.Godwin,TB,18.3,8.27,WR
293,00-0033921,2024_02_TB_DET,2,C.Godwin,TB,21.2,11.53,WR
294,00-0033921,2024_03_DEN_TB,3,C.Godwin,TB,14.3,10.93,WR
295,00-0033921,2024_04_PHI_TB,4,C.Godwin,TB,9.9,9.94,WR
296,00-0033921,2024_05_TB_ATL,5,C.Godwin,TB,9.1,6.89,WR
297,00-0033923,2024_04_KC_LAC,4,K.Hunt,KC,9.5,9.66,RB
298,00-0033923,2024_05_NO_KC,5,K.Hunt,KC,18.2,15.62,RB
299,00-0033925,2024_02_CLE_JAX,2,D.Foreman,CLE,5.6,10.12,RB
300,00-0033925,2024_03_NYG_CLE,3,D.Foreman,CLE,0.5,0.99,RB
301,00-0033925,2024_04_CLE_LV,4,D.Foreman,CLE,1.2,6.8,RB
302,00-0033925,2024_05_CLE_WAS,5,D.Foreman,CLE,6.5,5.78,RB
303,00-0033943,2024_01_DEN_SEA,1,J.Reynolds,DEN,7.0,8.87,WR
304,00-0033943,2024_02_PIT_DEN,2,J.Reynolds,DEN,11.3,5.89,WR
305,00-0033943,2024_03_DEN_TB,3,J.Reynolds,DEN,4.6,2.45,WR
306,00-0033943,2024_04_DEN_NYJ,4,J.Reynolds,DEN,0.0,2.45,WR
307,00-0033943,2024_05_LV_DEN,5,J.Reynolds,DEN,7.4,3.24,WR
308,00-0033948,2024_01_CAR_NO,1,Ja.Williams,NO,11.6,6.57,RB
309,00-0033948,2024_02_NO_DAL,2,Ja.Williams,NO,3.9,4.48,RB
310,00-0033948,2024_03_PHI_NO,3,Ja.Williams,NO,0.4,4.93,RB
311,00-0033948,2024_04_NO_ATL,4,Ja.Williams,NO,2.9,3.86,RB
312,00-0033948,2024_05_NO_KC,5,Ja.Williams,NO,0.9,0.99,RB
313,00-0033955,2024_03_WAS_CIN,3,J.McNichols,WAS,0.1,0.49,RB
314,00-0033955,2024_04_WAS_ARI,4,J.McNichols,WAS,19.9,5.88,RB
315,00-0033955,2024_05_CLE_WAS,5,J.McNichols,WAS,10.4,5.72,RB
316,00-0034115,2024_01_JAX_MIA,1,J.Wilson,MIA,2.6,2.47,RB
317,00-0034115,2024_02_BUF_MIA,2,J.Wilson,MIA,2.2,1.85,RB
318,00-0034115,2024_03_MIA_SEA,3,J.Wilson,MIA,1.4,1.48,RB
319,00-0034159,2024_01_LV_LAC,1,W.Dissly,LAC,1.8,0.87,TE
320,00-0034159,2024_02_LAC_CAR,2,W.Dissly,LAC,4.4,2.94,TE
321,00-0034159,2024_03_LAC_PIT,3,W.Dissly,LAC,3.4,2.83,TE
322,00-0034159,2024_04_KC_LAC,4,W.Dissly,LAC,3.4,2.72,TE
323,00-0034177,2024_03_MIA_SEA,3,T.Boyle,MIA,3.76,8.75,QB
324,00-0034184,2024_01_LV_LAC,1,G.Edwards,LAC,3.3,9.14,RB
325,00-0034184,2024_02_LAC_CAR,2,G.Edwards,LAC,5.9,9.42,RB
326,00-0034184,2024_03_LAC_PIT,3,G.Edwards,LAC,0.9,1.48,RB
327,00-0034184,2024_04_KC_LAC,4,G.Edwards,LAC,1.9,3.42,RB
328,00-0034208,2024_01_CAR_NO,1,M.Boone,CAR,0.7,1.97,RB
329,00-0034270,2024_01_NYJ_SF,1,T.Conklin,NYJ,1.1,1.85,TE
330,00-0034270,2024_02_NYJ_TEN,2,T.Conklin,NYJ,1.5,1.85,TE
331,00-0034270,2024_03_NE_NYJ,3,T.Conklin,NYJ,11.8,11.17,TE
332,00-0034270,2024_04_DEN_NYJ,4,T.Conklin,NYJ,3.7,8.61,TE
333,00-0034270,2024_05_NYJ_MIN,5,T.Conklin,NYJ,8.5,9.81,TE
334,00-0034272,2024_01_ARI_BUF,1,M.Valdes-Scantling,BUF,2.4,3.93,WR
335,00-0034272,2024_02_BUF_MIA,2,M.Valdes-Scantling,BUF,0.0,1.96,WR
336,00-0034272,2024_03_JAX_BUF,3,M.Valdes-Scantling,BUF,1.2,1.96,WR
337,00-0034272,2024_04_BUF_BAL,4,M.Valdes-Scantling,BUF,0.0,1.96,WR
338,00-0034272,2024_05_BUF_HOU,5,M.Valdes-Scantling,BUF,0.0,3.9,WR
339,00-0034348,2024_01_DEN_SEA,1,C.Sutton,DEN,5.8,16.35,WR
340,00-0034348,2024_02_PIT_DEN,2,C.Sutton,DEN,3.1,6.76,WR
341,00-0034348,2024_03_DEN_TB,3,C.Sutton,DEN,10.3,13.45,WR
342,00-0034348,2024_04_DEN_NYJ,4,C.Sutton,DEN,13.5,13.25,WR
343,00-0034348,2024_05_LV_DEN,5,C.Sutton,DEN,4.2,6.37,WR
344,00-0034351,2024_01_GB_PHI,1,D.Goedert,PHI,5.1,4.57,TE
345,00-0034351,2024_02_ATL_PHI,2,D.Goedert,PHI,5.3,6.2,TE
346,00-0034351,2024_03_PHI_NO,3,D.Goedert,PHI,22.0,12.0,TE
347,00-0034351,2024_04_PHI_TB,4,D.Goedert,PHI,9.7,9.38,TE
348,00-0034364,2024_01_DAL_CLE,1,J.Akins,CLE,4.2,4.37,TE
349,00-0034364,2024_02_CLE_JAX,2,J.Akins,CLE,1.5,0.87,TE
350,00-0034364,2024_03_NYG_CLE,3,J.Akins,CLE,4.9,6.91,TE
351,00-0034364,2024_04_CLE_LV,4,J.Akins,CLE,1.5,1.85,TE
352,00-0034364,2024_05_CLE_WAS,5,J.Akins,CLE,9.7,3.42,TE
353,00-0034383,2024_01_HOU_IND,1,D.Schultz,HOU,3.1,2.94,TE
354,00-0034383,2024_02_CHI_HOU,2,D.Schultz,HOU,3.1,3.7,TE
355,00-0034383,2024_03_HOU_MIN,3,D.Schultz,HOU,2.1,5.47,TE
356,00-0034383,2024_04_JAX_HOU,4,D.Schultz,HOU,4.9,6.4,TE
357,00-0034383,2024_05_BUF_HOU,5,D.Schultz,HOU,5.4,7.3,TE
358,00-0034386,2024_01_BAL_KC,1,Ju.Watson,KC,3.0,1.96,WR
359,00-0034386,2024_02_CIN_KC,2,Ju.Watson,KC,3.2,2.49,WR
360,00-0034386,2024_03_KC_ATL,3,Ju.Watson,KC,1.8,2.9,WR
361,00-0034386,2024_04_KC_LAC,4,Ju.Watson,KC,3.7,3.44,WR
362,00-0034407,2024_01_PIT_ATL,1,R.McCloud,ATL,7.2,8.29,WR
363,00-0034407,2024_02_ATL_PHI,2,R.McCloud,ATL,6.0,7.92,WR
364,00-0034407,2024_03_KC_ATL,3,R.McCloud,ATL,4.7,3.4,WR
365,00-0034407,2024_04_NO_ATL,4,R.McCloud,ATL,8.2,7.18,WR
366,00-0034407,2024_05_TB_ATL,5,R.McCloud,ATL,9.6,11.65,WR
367,00-0034418,2024_03_PHI_NO,3,C.Wilson,NO,0.8,0.87,WR
368,00-0034419,2024_01_JAX_MIA,1,B.Berrios,MIA,0.0,1.96,WR
369,00-0034419,2024_02_BUF_MIA,2,B.Berrios,MIA,0.0,2.21,WR
370,00-0034419,2024_03_MIA_SEA,3,B.Berrios,MIA,0.0,0.98,WR
371,00-0034487,2024_02_SF_MIN,2,T.Sherfield,MIN,2.2,2.03,WR
372,00-0034487,2024_03_HOU_MIN,3,T.Sherfield,MIN,1.3,0.98,WR
373,00-0034487,2024_04_MIN_GB,4,T.Sherfield,MIN,1.3,0.98,WR
374,00-0034521,2024_01_NYJ_SF,1,A.Lazard,NYJ,23.9,12.67,WR
375,00-0034521,2024_02_NYJ_TEN,2,A.Lazard,NYJ,2.1,4.32,WR
376,00-0034521,2024_03_NE_NYJ,3,A.Lazard,NYJ,12.3,3.42,WR
377,00-0034521,2024_04_DEN_NYJ,4,A.Lazard,NYJ,8.3,8.28,WR
378,00-0034521,2024_05_NYJ_MIN,5,A.Lazard,NYJ,11.4,13.9,WR
380,00-0034577,2024_05_DAL_PIT,5,K.Allen,PIT,0.76,0.37,QB
381,00-0034613,2024_01_NE_CIN,1,T.Hudson,CIN,2.8,2.94,TE
382,00-0034646,2024_02_SF_MIN,2,B.Powell,MIN,2.6,1.96,WR
383,00-0034646,2024_03_HOU_MIN,3,B.Powell,MIN,1.8,2.43,WR
384,00-0034646,2024_04_MIN_GB,4,B.Powell,MIN,0.0,2.84,WR
385,00-0034753,2024_01_BAL_KC,1,M.Andrews,BAL,2.4,1.96,TE
386,00-0034753,2024_02_LV_BAL,2,M.Andrews,BAL,7.1,5.88,TE
387,00-0034753,2024_03_BAL_DAL,3,M.Andrews,BAL,0.0,1.09,TE
388,00-0034753,2024_04_BUF_BAL,4,M.Andrews,BAL,0.0,0.98,TE
389,00-0034753,2024_05_BAL_CIN,5,M.Andrews,BAL,7.5,6.89,TE
390,00-0034771,2024_04_TEN_MIA,4,M.Rudolph,TEN,3.4,6.22,QB
391,00-0034775,2024_01_JAX_MIA,1,C.Kirk,JAX,3.5,5.09,WR
392,00-0034775,2024_02_CLE_JAX,2,C.Kirk,JAX,0.4,4.01,WR
393,00-0034775,2024_03_JAX_BUF,3,C.Kirk,JAX,11.9,11.74,WR
394,00-0034775,2024_04_JAX_HOU,4,C.Kirk,JAX,15.6,14.89,WR
395,00-0034775,2024_05_IND_JAX,5,C.Kirk,JAX,10.8,4.43,WR
396,00-0034796,2024_01_BAL_KC,1,L.Jackson,BAL,27.12,29.92,QB
397,00-0034796,2024_02_LV_BAL,2,L.Jackson,BAL,18.38,16.34,QB
398,00-0034796,2024_03_BAL_DAL,3,L.Jackson,BAL,26.18,12.05,QB
399,00-0034796,2024_04_BUF_BAL,4,L.Jackson,BAL,24.64,12.1,QB
400,00-0034796,2024_05_BAL_CIN,5,L.Jackson,BAL,34.52,30.75,QB
401,00-0034798,2024_01_JAX_MIA,1,D.Smythe,MIA,0.0,3.19,TE
402,00-0034798,2024_02_BUF_MIA,2,D.Smythe,MIA,1.3,0.98,TE
403,00-0034798,2024_03_MIA_SEA,3,D.Smythe,MIA,0.8,3.72,TE
404,00-0034798,2024_05_MIA_NE,5,D.Smythe,MIA,0.0,1.47,TE
405,00-0034827,2024_01_TEN_CHI,1,D.Moore,CHI,7.5,8.68,WR
406,00-0034827,2024_02_CHI_HOU,2,D.Moore,CHI,8.3,11.11,WR
407,00-0034827,2024_03_CHI_IND,3,D.Moore,CHI,11.2,11.11,WR
408,00-0034827,2024_04_LA_CHI,4,D.Moore,CHI,9.7,10.62,WR
409,00-0034827,2024_05_CAR_CHI,5,D.Moore,CHI,25.0,9.95,WR
410,00-0034829,2024_01_NE_CIN,1,M.Gesicki,CIN,3.3,5.07,TE
411,00-0034829,2024_02_CIN_KC,2,M.Gesicki,CIN,12.6,10.19,TE
412,00-0034829,2024_03_WAS_CIN,3,M.Gesicki,CIN,6.7,6.34,TE
413,00-0034829,2024_04_CIN_CAR,4,M.Gesicki,CIN,-0.4,0.98,TE
414,00-0034829,2024_05_BAL_CIN,5,M.Gesicki,CIN,4.1,3.06,TE
415,00-0034830,2024_01_LV_LAC,1,H.Hurst,LAC,4.3,4.66,TE
416,00-0034830,2024_02_LAC_CAR,2,H.Hurst,LAC,1.0,1.96,TE
417,00-0034830,2024_03_LAC_PIT,3,H.Hurst,LAC,2.5,1.96,TE
418,00-0034830,2024_04_KC_LAC,4,H.Hurst,LAC,1.1,4.42,TE
419,00-0034837,2024_01_TEN_CHI,1,C.Ridley,TEN,6.5,9.82,WR
420,00-0034837,2024_02_NYJ_TEN,2,C.Ridley,TEN,22.7,8.89,WR
421,00-0034837,2024_03_GB_TEN,3,C.Ridley,TEN,1.4,3.44,WR
422,00-0034837,2024_04_TEN_MIA,4,C.Ridley,TEN,2.0,3.21,WR
423,00-0034844,2024_01_GB_PHI,1,S.Barkley,PHI,32.2,20.32,RB
424,00-0034844,2024_02_ATL_PHI,2,S.Barkley,PHI,15.6,19.83,RB
425,00-0034844,2024_03_PHI_NO,3,S.Barkley,PHI,31.6,15.76,RB
426,00-0034844,2024_04_PHI_TB,4,S.Barkley,PHI,12.6,15.18,RB
427,00-0034854,2024_05_TB_ATL,5,K.Hodge,ATL,13.7,2.72,WR
428,00-0034855,2024_01_WAS_TB,1,B.Mayfield,TB,29.66,18.02,QB
429,00-0034855,2024_02_TB_DET,2,B.Mayfield,TB,20.9,14.64,QB
430,00-0034855,2024_03_DEN_TB,3,B.Mayfield,TB,9.52,13.64,QB
431,00-0034855,2024_04_PHI_TB,4,B.Mayfield,TB,28.98,31.04,QB
432,00-0034855,2024_05_TB_ATL,5,B.Mayfield,TB,23.5,17.46,QB
433,00-0034857,2024_01_ARI_BUF,1,J.Allen,BUF,33.28,19.52,QB
434,00-0034857,2024_02_BUF_MIA,2,J.Allen,BUF,9.86,9.14,QB
435,00-0034857,2024_03_JAX_BUF,3,J.Allen,BUF,30.92,19.07,QB
436,00-0034857,2024_04_BUF_BAL,4,J.Allen,BUF,9.3,16.76,QB
437,00-0034857,2024_05_BUF_HOU,5,J.Allen,BUF,14.64,19.03,QB
438,00-0034869,2024_01_MIN_NYG,1,S.Darnold,MIN,15.72,14.38,QB
439,00-0034869,2024_02_SF_MIN,2,S.Darnold,MIN,21.12,14.26,QB
440,00-0034869,2024_03_HOU_MIN,3,S.Darnold,MIN,23.24,17.26,QB
441,00-0034869,2024_04_MIN_GB,4,S.Darnold,MIN,24.8,18.85,QB
442,00-0034869,2024_05_NYJ_MIN,5,S.Darnold,MIN,7.46,16.19,QB
443,00-0034928,2024_04_JAX_HOU,4,S.Sims,HOU,0.0,0.49,WR
444,00-0034960,2024_01_LV_LAC,1,J.Meyers,LV,7.9,4.41,WR
445,00-0034960,2024_02_LV_BAL,2,J.Meyers,LV,4.9,6.36,WR
446,00-0034960,2024_03_CAR_LV,3,J.Meyers,LV,17.7,12.13,WR
447,00-0034960,2024_04_CLE_LV,4,J.Meyers,LV,7.4,12.51,WR
448,00-0034960,2024_05_LV_DEN,5,J.Meyers,LV,10.2,10.14,WR
449,00-0034972,2024_01_LV_LAC,1,A.Mattison,LV,14.2,7.8,RB
450,00-0034972,2024_02_LV_BAL,2,A.Mattison,LV,6.1,4.98,RB
451,00-0034972,2024_03_CAR_LV,3,A.Mattison,LV,11.9,6.26,RB
452,00-0034972,2024_04_CLE_LV,4,A.Mattison,LV,6.0,3.34,RB
453,00-0034972,2024_05_LV_DEN,5,A.Mattison,LV,9.1,12.88,RB
454,00-0034975,2024_01_BAL_KC,1,J.Hill,BAL,8.5,9.49,RB
455,00-0034975,2024_02_LV_BAL,2,J.Hill,BAL,3.7,3.71,RB
456,00-0034975,2024_03_BAL_DAL,3,J.Hill,BAL,6.4,4.32,RB
457,00-0034975,2024_04_BUF_BAL,4,J.Hill,BAL,18.6,9.11,RB
458,00-0034975,2024_05_BAL_CIN,5,J.Hill,BAL,3.0,4.32,RB
459,00-0034981,2024_01_CAR_NO,1,F.Moreau,NO,12.3,8.26,TE
460,00-0034981,2024_03_PHI_NO,3,F.Moreau,NO,0.7,1.74,TE
461,00-0034981,2024_05_NO_KC,5,F.Moreau,NO,8.3,3.72,TE
462,00-0035021,2024_01_HOU_IND,1,A.Dulin,IND,11.9,1.47,WR
463,00-0035021,2024_02_IND_GB,2,A.Dulin,IND,1.8,2.46,WR
464,00-0035021,2024_03_CHI_IND,3,A.Dulin,IND,0.0,2.59,WR
465,00-0035021,2024_05_IND_JAX,5,A.Dulin,IND,0.9,0.49,WR
466,00-0035125,2024_01_JAX_MIA,1,A.Ingold,MIA,0.8,1.86,RB
467,00-0035125,2024_02_BUF_MIA,2,A.Ingold,MIA,0.2,0.99,RB
468,00-0035125,2024_03_MIA_SEA,3,A.Ingold,MIA,2.9,3.8,RB
469,00-0035125,2024_05_MIA_NE,5,A.Ingold,MIA,6.3,2.26,RB
470,00-0035140,2024_05_NO_KC,5,M.Hardman,KC,5.3,3.53,WR
472,00-0035208,2024_01_WAS_TB,1,O.Zaccheaus,WAS,2.0,3.39,WR
473,00-0035208,2024_02_NYG_WAS,2,O.Zaccheaus,WAS,2.9,2.61,WR
474,00-0035208,2024_04_WAS_ARI,4,O.Zaccheaus,WAS,11.5,6.65,WR
475,00-0035208,2024_05_CLE_WAS,5,O.Zaccheaus,WAS,1.5,2.94,WR
476,00-0035216,2024_01_CAR_NO,1,Dio.Johnson,CAR,2.9,9.91,WR
477,00-0035216,2024_02_LAC_CAR,2,Dio.Johnson,CAR,3.0,6.09,WR
478,00-0035216,2024_03_CAR_LV,3,Di.Johnson,CAR,22.2,21.32,WR
479,00-0035216,2024_04_CIN_CAR,4,Di.Johnson,CAR,17.8,18.73,WR
480,00-0035216,2024_05_CAR_CHI,5,Di.Johnson,CAR,4.4,8.82,WR
481,00-0035228,2024_01_ARI_BUF,1,K.Murray,ARI,16.28,16.69,QB
482,00-0035228,2024_02_LA_ARI,2,K.Murray,ARI,28.54,17.77,QB
483,00-0035228,2024_03_DET_ARI,3,K.Murray,ARI,16.78,18.53,QB
484,00-0035228,2024_04_WAS_ARI,4,K.Murray,ARI,8.98,10.73,QB
485,00-0035228,2024_05_ARI_SF,5,K.Murray,ARI,26.4,16.78,QB
486,00-0035243,2024_01_CAR_NO,1,M.Sanders,CAR,2.2,4.99,RB
487,00-0035243,2024_02_LAC_CAR,2,M.Sanders,CAR,4.0,6.17,RB
488,00-0035243,2024_03_CAR_LV,3,M.Sanders,CAR,10.0,8.35,RB
489,00-0035243,2024_04_CIN_CAR,4,M.Sanders,CAR,6.1,6.44,RB
490,00-0035243,2024_05_CAR_CHI,5,M.Sanders,CAR,4.3,4.31,RB
491,00-0035249,2024_01_MIN_NYG,1,J.Oliver,MIN,3.7,2.93,TE
492,00-0035249,2024_03_HOU_MIN,3,J.Oliver,MIN,0.0,1.5,TE
493,00-0035249,2024_04_MIN_GB,4,J.Oliver,MIN,8.0,2.49,TE
494,00-0035250,2024_01_MIN_NYG,1,D.Singletary,NYG,7.2,10.53,RB
495,00-0035250,2024_02_NYG_WAS,2,D.Singletary,NYG,15.0,9.69,RB
496,00-0035250,2024_03_NYG_CLE,3,D.Singletary,NYG,17.8,15.65,RB
497,00-0035250,2024_04_DAL_NYG,4,D.Singletary,NYG,4.3,8.23,RB
498,00-0035261,2024_01_TEN_CHI,1,T.Pollard,TEN,16.9,11.6,RB
499,00-0035261,2024_02_NYJ_TEN,2,T.Pollard,TEN,12.7,15.61,RB
500,00-0035261,2024_03_GB_TEN,3,T.Pollard,TEN,4.4,6.55,RB
501,00-0035261,2024_04_TEN_MIA,4,T.Pollard,TEN,17.8,18.71,RB
503,00-0035289,2024_01_LV_LAC,1,G.Minshew,LV,14.78,13.89,QB
504,00-0035289,2024_02_LV_BAL,2,G.Minshew,LV,15.04,19.88,QB
505,00-0035289,2024_03_CAR_LV,3,G.Minshew,LV,15.96,14.18,QB
506,00-0035289,2024_04_CLE_LV,4,G.Minshew,LV,5.2,9.5,QB
507,00-0035289,2024_05_LV_DEN,5,G.Minshew,LV,11.68,9.34,QB
508,00-0035298,2024_03_LAC_PIT,3,S.Miller,PIT,4.1,1.96,WR
509,00-0035311,2024_01_MIN_NYG,1,M.Gaskin,MIN,-0.3,0.49,RB
510,00-0035311,2024_05_NYJ_MIN,5,M.Gaskin,MIN,1.8,2.02,RB
511,00-0035341,2024_01_NE_CIN,1,T.Irwin,CIN,1.1,3.12,WR
512,00-0035341,2024_02_CIN_KC,2,T.Irwin,CIN,1.0,12.29,WR
513,00-0035406,2024_01_DEN_SEA,1,L.Humphrey,DEN,0.0,0.98,WR
514,00-0035406,2024_02_PIT_DEN,2,L.Humphrey,DEN,7.0,4.87,WR
515,00-0035406,2024_03_DEN_TB,3,L.Humphrey,DEN,6.7,8.12,WR
516,00-0035406,2024_04_DEN_NYJ,4,L.Humphrey,DEN,0.0,1.47,WR
517,00-0035406,2024_05_LV_DEN,5,L.Humphrey,DEN,5.8,2.34,WR
518,00-0035500,2024_01_ARI_BUF,1,G.Dortch,ARI,8.1,9.21,WR
519,00-0035500,2024_02_LA_ARI,2,G.Dortch,ARI,2.1,1.85,WR
520,00-0035500,2024_03_DET_ARI,3,G.Dortch,ARI,5.0,7.3,WR
521,00-0035500,2024_04_WAS_ARI,4,G.Dortch,ARI,5.8,3.96,WR
522,00-0035500,2024_05_ARI_SF,5,G.Dortch,ARI,1.2,1.74,WR
523,00-0035535,2024_01_MIN_NYG,1,D.Slayton,NYG,4.1,5.15,WR
524,00-0035535,2024_02_NYG_WAS,2,D.Slayton,NYG,4.8,6.49,WR
525,00-0035535,2024_03_NYG_CLE,3,D.Slayton,NYG,1.2,1.96,WR
526,00-0035535,2024_04_DAL_NYG,4,D.Slayton,NYG,7.1,7.04,WR
527,00-0035535,2024_05_NYG_SEA,5,D.Slayton,NYG,22.2,13.12,WR
528,00-0035537,2024_01_ARI_BUF,1,Ty.Johnson,BUF,0.7,2.16,RB
529,00-0035537,2024_02_BUF_MIA,2,Ty.Johnson,BUF,3.7,3.44,RB
530,00-0035537,2024_03_JAX_BUF,3,Ty.Johnson,BUF,12.1,8.4,RB
531,00-0035537,2024_04_BUF_BAL,4,Ty.Johnson,BUF,6.3,2.32,RB
532,00-0035537,2024_05_BUF_HOU,5,Ty.Johnson,BUF,1.5,1.48,RB
533,00-0035544,2024_02_TB_DET,2,T.Kennedy,DET,0.0,1.05,WR
534,00-0035547,2024_05_NO_KC,5,J.Fortson,KC,1.0,0.98,TE
535,00-0035594,2024_01_TEN_CHI,1,T.Homer,CHI,1.0,0.99,RB
536,00-0035594,2024_02_CHI_HOU,2,T.Homer,CHI,0.6,0.49,RB
537,00-0035628,2024_02_CLE_JAX,2,D.Johnson,JAX,2.6,2.94,RB
538,00-0035628,2024_03_JAX_BUF,3,D.Johnson,JAX,1.2,1.86,RB
539,00-0035628,2024_04_JAX_HOU,4,D.Johnson,JAX,0.0,0.99,RB
540,00-0035628,2024_05_IND_JAX,5,D.Johnson,JAX,2.0,3.21,RB
541,00-0035631,2024_02_CIN_KC,2,D.Sample,CIN,4.3,2.83,TE
542,00-0035631,2024_04_CIN_CAR,4,D.Sample,CIN,0.5,0.87,TE
543,00-0035639,2024_03_PHI_NO,3,P.Campbell,PHI,2.3,1.96,WR
544,00-0035639,2024_04_PHI_TB,4,P.Campbell,PHI,9.7,5.73,WR
545,00-0035640,2024_01_DEN_SEA,1,D.Metcalf,SEA,4.4,6.0,WR
546,00-0035640,2024_02_SEA_NE,2,D.Metcalf,SEA,23.9,15.9,WR
547,00-0035640,2024_03_MIA_SEA,3,D.Metcalf,SEA,18.4,7.77,WR
548,00-0035640,2024_04_SEA_DET,4,D.Metcalf,SEA,13.9,16.71,WR
549,00-0035640,2024_05_NYG_SEA,5,D.Metcalf,SEA,7.5,7.8,WR
550,00-0035640,2024_06_SF_SEA,6,D.Metcalf,SEA,6.3,16.5,WR
551,00-0035644,2024_01_DEN_SEA,1,N.Fant,SEA,2.1,4.99,TE
552,00-0035644,2024_02_SEA_NE,2,N.Fant,SEA,1.9,2.94,TE
553,00-0035644,2024_03_MIA_SEA,3,N.Fant,SEA,9.0,5.89,TE
554,00-0035644,2024_04_SEA_DET,4,N.Fant,SEA,3.6,2.12,TE
555,00-0035644,2024_05_NYG_SEA,5,N.Fant,SEA,3.9,2.94,TE
556,00-0035644,2024_06_SF_SEA,6,N.Fant,SEA,9.3,5.89,TE
557,00-0035659,2024_01_WAS_TB,1,T.McLaurin,WAS,2.7,4.8,WR
558,00-0035659,2024_02_NYG_WAS,2,T.McLaurin,WAS,5.2,8.2,WR
559,00-0035659,2024_03_WAS_CIN,3,T.McLaurin,WAS,18.0,12.36,WR
560,00-0035659,2024_04_WAS_ARI,4,T.McLaurin,WAS,14.7,14.47,WR
561,00-0035659,2024_05_CLE_WAS,5,T.McLaurin,WAS,12.4,14.46,WR
562,00-0035676,2024_01_GB_PHI,1,A.Brown,PHI,20.4,14.75,WR
563,00-0035685,2024_01_LA_DET,1,D.Montgomery,DET,15.8,13.82,RB
564,00-0035685,2024_02_TB_DET,2,D.Montgomery,DET,15.0,12.91,RB
565,00-0035685,2024_03_DET_ARI,3,D.Montgomery,DET,19.7,17.23,RB
566,00-0035685,2024_04_SEA_DET,4,D.Montgomery,DET,14.5,14.34,RB
567,00-0035689,2024_01_ARI_BUF,1,D.Knox,BUF,2.8,2.84,TE
568,00-0035689,2024_03_JAX_BUF,3,D.Knox,BUF,1.2,1.85,TE
569,00-0035689,2024_04_BUF_BAL,4,D.Knox,BUF,0.5,0.87,TE
570,00-0035700,2024_01_GB_PHI,1,J.Jacobs,GB,11.4,17.25,RB
571,00-0035700,2024_02_IND_GB,2,J.Jacobs,GB,14.1,17.44,RB
572,00-0035700,2024_03_GB_TEN,3,J.Jacobs,GB,5.3,12.09,RB
573,00-0035700,2024_04_MIN_GB,4,J.Jacobs,GB,9.8,12.11,RB
574,00-0035700,2024_05_GB_LA,5,J.Jacobs,GB,15.9,12.76,RB
575,00-0035710,2024_01_MIN_NYG,1,D.Jones,NYG,8.94,23.63,QB
576,00-0035710,2024_02_NYG_WAS,2,D.Jones,NYG,18.32,19.03,QB
577,00-0035710,2024_03_NYG_CLE,3,D.Jones,NYG,19.84,18.49,QB
578,00-0035710,2024_04_DAL_NYG,4,D.Jones,NYG,11.64,17.04,QB
579,00-0035710,2024_05_NYG_SEA,5,D.Jones,NYG,22.28,22.95,QB
580,00-0035719,2024_01_NYJ_SF,1,D.Samuel,SF,16.2,16.86,WR
581,00-0035719,2024_02_SF_MIN,2,D.Samuel,SF,14.0,14.96,WR
582,00-0035719,2024_04_NE_SF,4,D.Samuel,SF,8.7,9.5,WR
583,00-0035719,2024_05_ARI_SF,5,D.Samuel,SF,2.5,5.23,WR
584,00-0035719,2024_06_SF_SEA,6,D.Samuel,SF,19.2,9.48,WR
585,00-0035806,2024_02_SEA_NE,2,J.Hasty,NE,0.2,0.49,RB
586,00-0035806,2024_03_NE_NYJ,3,J.Hasty,NE,0.5,0.49,RB
587,00-0035806,2024_04_NE_SF,4,J.Hasty,NE,1.5,2.46,RB
588,00-0035924,2024_05_DAL_PIT,5,J.Ward,PIT,0.9,0.99,RB
589,00-0035973,2024_06_SF_SEA,6,P.Taylor,SF,3.3,7.64,RB
590,00-0035993,2024_04_TEN_MIA,4,T.Huntley,MIA,12.84,16.53,QB
591,00-0035993,2024_05_MIA_NE,5,T.Huntley,MIA,8.46,17.41,QB
592,00-0036040,2024_01_CAR_NO,1,J.Johnson,NO,9.6,5.63,TE
593,00-0036040,2024_04_NO_ATL,4,J.Johnson,NO,2.3,2.72,TE
594,00-0036040,2024_05_NO_KC,5,J.Johnson,NO,5.6,4.91,TE
595,00-0036096,2024_03_HOU_MIN,3,J.Taylor,HOU,1.3,2.34,RB
596,00-0036096,2024_04_JAX_HOU,4,J.Taylor,HOU,1.8,4.44,RB
597,00-0036133,2024_04_CLE_LV,4,J.Proche,CLE,0.8,0.87,WR
598,00-0036139,2024_01_DAL_CLE,1,R.Dowdle,DAL,3.7,4.93,RB
599,00-0036139,2024_02_NO_DAL,2,R.Dowdle,DAL,7.9,8.85,RB
600,00-0036139,2024_03_BAL_DAL,3,R.Dowdle,DAL,7.1,10.03,RB
601,00-0036139,2024_04_DAL_NYG,4,R.Dowdle,DAL,12.6,6.77,RB
602,00-0036139,2024_05_DAL_PIT,5,R.Dowdle,DAL,18.4,16.5,RB
603,00-0036158,2024_01_LV_LAC,1,J.Dobbins,LAC,21.4,8.5,RB
604,00-0036158,2024_02_LAC_CAR,2,J.Dobbins,LAC,19.6,9.25,RB
605,00-0036158,2024_03_LAC_PIT,3,J.Dobbins,LAC,6.9,11.06,RB
606,00-0036158,2024_04_KC_LAC,4,J.Dobbins,LAC,7.7,11.5,RB
607,00-0036196,2024_01_JAX_MIA,1,G.Davis,JAX,7.7,4.19,WR
608,00-0036196,2024_02_CLE_JAX,2,G.Davis,JAX,5.8,10.15,WR
609,00-0036196,2024_03_JAX_BUF,3,G.Davis,JAX,2.8,8.03,WR
610,00-0036196,2024_04_JAX_HOU,4,G.Davis,JAX,1.0,8.1,WR
611,00-0036196,2024_05_IND_JAX,5,G.Davis,JAX,5.3,4.86,WR
612,00-0036212,2024_01_JAX_MIA,1,T.Tagovailoa,MIA,18.62,14.53,QB
613,00-0036212,2024_02_BUF_MIA,2,T.Tagovailoa,MIA,11.5,12.7,QB
614,00-0036223,2024_01_HOU_IND,1,J.Taylor,IND,10.8,14.75,RB
615,00-0036223,2024_02_IND_GB,2,J.Taylor,IND,14.5,9.51,RB
616,00-0036223,2024_03_CHI_IND,3,J.Taylor,IND,26.0,21.81,RB
617,00-0036223,2024_04_PIT_IND,4,J.Taylor,IND,18.3,18.18,RB
618,00-0036232,2024_02_LV_BAL,2,H.Bryant,LV,0.0,1.47,TE
619,00-0036232,2024_04_CLE_LV,4,H.Bryant,LV,3.1,1.96,TE
620,00-0036244,2024_01_LA_DET,1,C.Parkinson,LA,6.7,4.8,TE
621,00-0036244,2024_02_LA_ARI,2,C.Parkinson,LA,1.7,1.96,TE
622,00-0036244,2024_03_SF_LA,3,C.Parkinson,LA,3.6,5.46,TE
623,00-0036244,2024_04_LA_CHI,4,C.Parkinson,LA,5.3,7.97,TE
624,00-0036244,2024_05_GB_LA,5,C.Parkinson,LA,8.7,15.9,TE
625,00-0036251,2024_01_NE_CIN,1,Z.Moss,CIN,13.1,9.53,RB
626,00-0036251,2024_02_CIN_KC,2,Z.Moss,CIN,5.2,13.26,RB
627,00-0036251,2024_03_WAS_CIN,3,Z.Moss,CIN,18.2,15.51,RB
628,00-0036251,2024_04_CIN_CAR,4,Z.Moss,CIN,15.8,13.65,RB
629,00-0036251,2024_05_BAL_CIN,5,Z.Moss,CIN,6.7,10.7,RB
630,00-0036252,2024_01_HOU_IND,1,M.Pittman,IND,5.1,9.6,WR
631,00-0036252,2024_02_IND_GB,2,M.Pittman,IND,3.6,8.31,WR
632,00-0036252,2024_03_CHI_IND,3,M.Pittman,IND,5.6,5.28,WR
633,00-0036252,2024_04_PIT_IND,4,M.Pittman,IND,14.3,12.55,WR
634,00-0036252,2024_05_IND_JAX,5,M.Pittman,IND,12.2,11.01,WR
635,00-0036259,2024_01_NYJ_SF,1,J.Jennings,SF,8.9,6.88,WR
636,00-0036259,2024_02_SF_MIN,2,J.Jennings,SF,4.7,7.37,WR
637,00-0036259,2024_03_SF_LA,3,J.Jennings,SF,41.0,20.46,WR
638,00-0036259,2024_04_NE_SF,4,J.Jennings,SF,10.3,10.27,WR
639,00-0036259,2024_05_ARI_SF,5,J.Jennings,SF,1.8,8.02,WR
640,00-0036259,2024_06_SF_SEA,6,J.Jennings,SF,4.2,5.04,WR
641,00-0036261,2024_01_NYJ_SF,1,B.Aiyuk,SF,3.8,9.55,WR
642,00-0036261,2024_02_SF_MIN,2,B.Aiyuk,SF,6.3,7.55,WR
643,00-0036261,2024_03_SF_LA,3,B.Aiyuk,SF,6.8,12.62,WR
644,00-0036261,2024_04_NE_SF,4,B.Aiyuk,SF,5.8,10.41,WR
645,00-0036261,2024_05_ARI_SF,5,B.Aiyuk,SF,18.7,18.05,WR
646,00-0036261,2024_06_SF_SEA,6,B.Aiyuk,SF,4.7,7.06,WR
647,00-0036264,2024_01_GB_PHI,1,J.Love,GB,18.4,20.2,QB
648,00-0036264,2024_04_MIN_GB,4,J.Love,GB,33.16,29.25,QB
649,00-0036264,2024_05_GB_LA,5,J.Love,GB,18.16,10.87,QB
650,00-0036268,2024_01_DEN_SEA,1,L.Shenault,SEA,0.6,1.36,WR
651,00-0036268,2024_02_SEA_NE,2,L.Shenault,SEA,1.1,0.87,WR
652,00-0036268,2024_03_MIA_SEA,3,L.Shenault,SEA,0.7,0.87,WR
653,00-0036268,2024_04_SEA_DET,4,L.Shenault,SEA,2.3,0.87,WR
654,00-0036275,2024_01_TEN_CHI,1,D.Swift,CHI,5.0,7.42,RB
655,00-0036275,2024_02_CHI_HOU,2,D.Swift,CHI,6.2,11.48,RB
656,00-0036275,2024_03_CHI_IND,3,D.Swift,CHI,5.2,12.85,RB
657,00-0036275,2024_04_LA_CHI,4,D.Swift,CHI,26.0,14.31,RB
658,00-0036275,2024_05_CAR_CHI,5,D.Swift,CHI,19.0,22.83,RB
659,00-0036290,2024_01_TEN_CHI,1,C.Kmet,CHI,0.9,1.57,TE
660,00-0036290,2024_02_CHI_HOU,2,C.Kmet,CHI,4.7,5.4,TE
661,00-0036290,2024_03_CHI_IND,3,C.Kmet,CHI,20.7,13.63,TE
662,00-0036290,2024_04_LA_CHI,4,C.Kmet,CHI,4.9,3.32,TE
663,00-0036290,2024_05_CAR_CHI,5,C.Kmet,CHI,7.2,4.31,TE
664,00-0036309,2024_01_PIT_ATL,1,D.Mooney,ATL,2.0,3.59,WR
665,00-0036309,2024_02_ATL_PHI,2,D.Mooney,ATL,16.3,9.64,WR
666,00-0036309,2024_03_KC_ATL,3,D.Mooney,ATL,10.6,7.86,WR
667,00-0036309,2024_04_NO_ATL,4,D.Mooney,ATL,7.1,8.24,WR
668,00-0036309,2024_05_TB_ATL,5,D.Mooney,ATL,27.0,23.4,WR
669,00-0036322,2024_01_MIN_NYG,1,J.Jefferson,MIN,13.9,10.2,WR
670,00-0036322,2024_02_SF_MIN,2,J.Jefferson,MIN,21.3,8.24,WR
671,00-0036322,2024_03_HOU_MIN,3,J.Jefferson,MIN,17.1,10.77,WR
672,00-0036322,2024_04_MIN_GB,4,J.Jefferson,MIN,17.5,11.67,WR
673,00-0036322,2024_05_NYJ_MIN,5,J.Jefferson,MIN,12.2,18.15,WR
674,00-0036328,2024_01_NE_CIN,1,A.Gibson,NE,1.8,3.45,RB
675,00-0036328,2024_02_SEA_NE,2,A.Gibson,NE,10.8,6.41,RB
676,00-0036328,2024_03_NE_NYJ,3,A.Gibson,NE,5.2,5.07,RB
677,00-0036328,2024_04_NE_SF,4,A.Gibson,NE,9.4,6.88,RB
678,00-0036328,2024_05_MIA_NE,5,A.Gibson,NE,6.1,3.83,RB
679,00-0036331,2024_01_JAX_MIA,1,D.Duvernay,JAX,0.3,0.49,WR
680,00-0036331,2024_02_CLE_JAX,2,D.Duvernay,JAX,0.4,0.49,WR
681,00-0036331,2024_03_JAX_BUF,3,D.Duvernay,JAX,0.4,0.87,WR
682,00-0036331,2024_05_IND_JAX,5,D.Duvernay,JAX,0.3,0.68,WR
683,00-0036332,2024_03_JAX_BUF,3,J.Deguara,JAX,1.3,0.98,TE
684,00-0036332,2024_05_IND_JAX,5,J.Deguara,JAX,0.7,1.48,TE
685,00-0036345,2024_01_NE_CIN,1,K.Osborn,NE,3.6,6.48,WR
686,00-0036345,2024_02_SEA_NE,2,K.Osborn,NE,1.2,1.96,WR
687,00-0036345,2024_04_NE_SF,4,K.Osborn,NE,0.8,4.8,WR
688,00-0036355,2024_01_LV_LAC,1,J.Herbert,LAC,10.56,12.71,QB
689,00-0036355,2024_02_LAC_CAR,2,J.Herbert,LAC,15.4,12.62,QB
690,00-0036355,2024_03_LAC_PIT,3,J.Herbert,LAC,9.0,8.52,QB
691,00-0036355,2024_04_KC_LAC,4,J.Herbert,LAC,11.16,14.82,QB
692,00-0036358,2024_01_DAL_CLE,1,C.Lamb,DAL,11.1,12.54,WR
693,00-0036358,2024_02_NO_DAL,2,C.Lamb,DAL,17.0,10.19,WR
694,00-0036358,2024_03_BAL_DAL,3,C.Lamb,DAL,8.7,9.32,WR
695,00-0036358,2024_04_DAL_NYG,4,C.Lamb,DAL,20.1,9.89,WR
696,00-0036358,2024_05_DAL_PIT,5,C.Lamb,DAL,8.9,11.1,WR
697,00-0036389,2024_01_GB_PHI,1,J.Hurts,PHI,21.42,24.8,QB
698,00-0036389,2024_02_ATL_PHI,2,J.Hurts,PHI,25.92,27.8,QB
699,00-0036389,2024_03_PHI_NO,3,J.Hurts,PHI,15.34,18.4,QB
700,00-0036389,2024_04_PHI_TB,4,J.Hurts,PHI,18.42,23.92,QB
701,00-0036407,2024_01_DAL_CLE,1,J.Jeudy,CLE,10.0,11.34,WR
702,00-0036407,2024_02_CLE_JAX,2,J.Jeudy,CLE,9.8,6.87,WR
703,00-0036407,2024_03_NYG_CLE,3,J.Jeudy,CLE,6.7,9.58,WR
704,00-0036407,2024_04_CLE_LV,4,J.Jeudy,CLE,10.2,10.7,WR
705,00-0036407,2024_05_CLE_WAS,5,J.Jeudy,CLE,2.1,5.08,WR
706,00-0036410,2024_03_WAS_CIN,3,T.Higgins,CIN,5.4,13.79,WR
707,00-0036410,2024_04_CIN_CAR,4,T.Higgins,CIN,9.0,11.47,WR
708,00-0036410,2024_05_BAL_CIN,5,T.Higgins,CIN,24.8,19.38,WR
709,00-0036414,2024_02_CHI_HOU,2,C.Akers,HOU,3.0,6.05,RB
710,00-0036414,2024_03_HOU_MIN,3,C.Akers,HOU,9.4,7.78,RB
711,00-0036414,2024_04_JAX_HOU,4,C.Akers,HOU,5.3,6.98,RB
712,00-0036414,2024_05_BUF_HOU,5,C.Akers,HOU,11.7,7.27,RB
713,00-0036415,2024_01_PIT_ATL,1,V.Jefferson,PIT,0.6,2.49,WR
714,00-0036415,2024_02_PIT_DEN,2,V.Jefferson,PIT,2.4,3.44,WR
715,00-0036415,2024_04_PIT_IND,4,V.Jefferson,PIT,3.1,3.46,WR
716,00-0036415,2024_05_DAL_PIT,5,V.Jefferson,PIT,4.1,5.97,WR
717,00-0036422,2024_01_DEN_SEA,1,A.Trautman,DEN,0.0,0.98,TE
718,00-0036422,2024_03_DEN_TB,3,A.Trautman,DEN,1.8,0.98,TE
719,00-0036422,2024_05_LV_DEN,5,A.Trautman,DEN,2.4,0.98,TE
720,00-0036427,2024_01_LA_DET,1,T.Johnson,LA,10.4,8.39,WR
721,00-0036427,2024_02_LA_ARI,2,T.Johnson,LA,3.0,4.2,WR
722,00-0036427,2024_03_SF_LA,3,T.Johnson,LA,3.5,4.08,WR
723,00-0036427,2024_04_LA_CHI,4,T.Johnson,LA,0.0,0.98,WR
724,00-0036429,2024_01_PIT_ATL,1,C.Woerner,ATL,0.9,1.96,TE
725,00-0036442,2024_01_NE_CIN,1,J.Burrow,CIN,7.06,13.6,QB
726,00-0036442,2024_02_CIN_KC,2,J.Burrow,CIN,19.22,28.49,QB
727,00-0036442,2024_03_WAS_CIN,3,J.Burrow,CIN,25.36,23.94,QB
728,00-0036442,2024_04_CIN_CAR,4,J.Burrow,CIN,18.28,16.22,QB
729,00-0036442,2024_05_BAL_CIN,5,J.Burrow,CIN,35.78,20.85,QB
730,00-0036527,2024_01_LV_LAC,1,D.Turner,LV,1.4,0.87,WR
731,00-0036527,2024_02_LV_BAL,2,D.Turner,LV,0.2,0.49,WR
732,00-0036527,2024_04_CLE_LV,4,D.Turner,LV,7.8,1.97,WR
733,00-0036527,2024_05_LV_DEN,5,D.Turner,LV,2.2,5.4,WR
734,00-0036550,2024_01_BAL_KC,1,R.Bateman,BAL,6.3,7.21,WR
735,00-0036550,2024_02_LV_BAL,2,R.Bateman,BAL,5.5,4.86,WR
736,00-0036550,2024_03_BAL_DAL,3,R.Bateman,BAL,10.3,5.46,WR
737,00-0036550,2024_04_BUF_BAL,4,R.Bateman,BAL,2.8,1.9,WR
738,00-0036550,2024_05_BAL_CIN,5,R.Bateman,BAL,13.8,9.99,WR
739,00-0036554,2024_01_HOU_IND,1,N.Collins,HOU,14.7,10.93,WR
740,00-0036554,2024_02_CHI_HOU,2,N.Collins,HOU,23.5,14.2,WR
741,00-0036554,2024_03_HOU_MIN,3,N.Collins,HOU,10.6,19.46,WR
742,00-0036554,2024_04_JAX_HOU,4,N.Collins,HOU,27.1,24.48,WR
743,00-0036554,2024_05_BUF_HOU,5,N.Collins,HOU,14.8,2.62,WR
744,00-0036555,2024_01_CAR_NO,1,C.Hubbard,CAR,1.4,2.96,RB
745,00-0036555,2024_02_LAC_CAR,2,C.Hubbard,CAR,9.6,9.5,RB
746,00-0036555,2024_03_CAR_LV,3,C.Hubbard,CAR,25.4,16.8,RB
747,00-0036555,2024_04_CIN_CAR,4,C.Hubbard,CAR,20.1,23.24,RB
748,00-0036555,2024_05_CAR_CHI,5,C.Hubbard,CAR,17.5,10.46,RB
749,00-0036556,2024_01_HOU_IND,1,B.Jordan,HOU,0.8,1.85,TE
750,00-0036556,2024_02_CHI_HOU,2,B.Jordan,HOU,0.9,0.98,TE
751,00-0036613,2024_01_JAX_MIA,1,J.Waddle,MIA,13.7,7.66,WR
752,00-0036613,2024_02_BUF_MIA,2,J.Waddle,MIA,6.5,5.24,WR
753,00-0036613,2024_03_MIA_SEA,3,J.Waddle,MIA,4.6,4.68,WR
754,00-0036613,2024_04_TEN_MIA,4,J.Waddle,MIA,5.6,6.44,WR
755,00-0036613,2024_05_MIA_NE,5,J.Waddle,MIA,6.6,9.07,WR
756,00-0036620,2024_03_MIA_SEA,3,D.Eskridge,MIA,3.5,1.42,WR
757,00-0036626,2024_02_NYG_WAS,2,D.Brown,WAS,2.7,7.01,WR
758,00-0036626,2024_03_WAS_CIN,3,D.Brown,WAS,2.6,1.74,WR
759,00-0036626,2024_04_WAS_ARI,4,D.Brown,WAS,0.9,0.98,WR
760,00-0036626,2024_05_CLE_WAS,5,D.Brown,WAS,12.7,3.54,WR
761,00-0036628,2024_01_WAS_TB,1,J.Bates,WAS,0.0,0.87,TE
762,00-0036628,2024_02_NYG_WAS,2,J.Bates,WAS,1.0,0.98,TE
763,00-0036628,2024_04_WAS_ARI,4,J.Bates,WAS,1.4,0.98,TE
764,00-0036630,2024_05_BAL_CIN,5,T.Wallace,BAL,4.1,2.09,WR
765,00-0036637,2024_01_BAL_KC,1,N.Gray,KC,5.2,3.71,TE
766,00-0036637,2024_03_KC_ATL,3,N.Gray,KC,1.8,3.53,TE
767,00-0036637,2024_04_KC_LAC,4,N.Gray,KC,6.0,4.31,TE
768,00-0036637,2024_05_NO_KC,5,N.Gray,KC,3.9,1.96,TE
769,00-0036646,2024_03_LAC_PIT,3,S.Fehoko,LAC,2.2,4.56,WR
770,00-0036727,2024_02_NO_DAL,2,A.Prentice,NO,0.0,0.98,RB
771,00-0036741,2024_04_PHI_TB,4,J.Stoll,PHI,0.9,1.96,TE
772,00-0036754,2024_01_LA_DET,1,B.Wright,DET,0.7,1.51,TE
773,00-0036754,2024_03_DET_ARI,3,B.Wright,DET,5.4,4.91,TE
774,00-0036754,2024_04_SEA_DET,4,B.Wright,DET,2.3,1.99,TE
775,00-0036825,2024_04_CIN_CAR,4,F.Franks,CAR,0.0,1.47,TE
776,00-0036849,2024_02_LA_ARI,2,T.Atwell,LA,6.3,4.97,WR
777,00-0036849,2024_03_SF_LA,3,T.Atwell,LA,11.3,6.1,WR
778,00-0036849,2024_04_LA_CHI,4,T.Atwell,LA,10.2,8.48,WR
779,00-0036849,2024_05_GB_LA,5,T.Atwell,LA,9.5,13.96,WR
780,00-0036875,2024_01_NE_CIN,1,R.Stevenson,NE,20.1,17.83,RB
781,00-0036875,2024_02_SEA_NE,2,R.Stevenson,NE,16.0,24.15,RB
782,00-0036875,2024_03_NE_NYJ,3,R.Stevenson,NE,1.3,2.96,RB
783,00-0036875,2024_04_NE_SF,4,R.Stevenson,NE,6.8,11.45,RB
784,00-0036875,2024_05_MIA_NE,5,R.Stevenson,NE,17.2,9.82,RB
785,00-0036876,2024_01_HOU_IND,1,K.Granson,IND,0.0,1.14,TE
786,00-0036876,2024_02_IND_GB,2,K.Granson,IND,1.4,1.96,TE
787,00-0036876,2024_03_CHI_IND,3,K.Granson,IND,4.5,1.47,TE
788,00-0036887,2024_02_CLE_JAX,2,L.Farrell,JAX,2.3,1.96,TE
789,00-0036887,2024_03_JAX_BUF,3,L.Farrell,JAX,0.6,1.96,TE
790,00-0036887,2024_04_JAX_HOU,4,L.Farrell,JAX,0.0,0.98,TE
791,00-0036887,2024_05_IND_JAX,5,L.Farrell,JAX,2.7,2.55,TE
792,00-0036893,2024_01_PIT_ATL,1,N.Harris,PIT,8.4,13.07,RB
793,00-0036893,2024_02_PIT_DEN,2,N.Harris,PIT,7.9,10.69,RB
794,00-0036893,2024_03_LAC_PIT,3,N.Harris,PIT,11.1,14.12,RB
795,00-0036893,2024_04_PIT_IND,4,N.Harris,PIT,8.8,13.64,RB
796,00-0036893,2024_05_DAL_PIT,5,N.Harris,PIT,8.7,9.24,RB
797,00-0036894,2024_01_PIT_ATL,1,P.Freiermuth,PIT,4.7,3.93,TE
798,00-0036894,2024_02_PIT_DEN,2,P.Freiermuth,PIT,5.9,4.26,TE
799,00-0036894,2024_03_LAC_PIT,3,P.Freiermuth,PIT,5.3,5.56,TE
800,00-0036894,2024_04_PIT_IND,4,P.Freiermuth,PIT,14.2,7.78,TE
801,00-0036894,2024_05_DAL_PIT,5,P.Freiermuth,PIT,9.9,3.81,TE
802,00-0036898,2024_03_HOU_MIN,3,D.Mills,HOU,3.16,11.02,QB
803,00-0036900,2024_01_NE_CIN,1,J.Chase,CIN,9.2,6.27,WR
804,00-0036900,2024_02_CIN_KC,2,J.Chase,CIN,5.5,6.25,WR
805,00-0036900,2024_03_WAS_CIN,3,J.Chase,CIN,26.8,9.54,WR
806,00-0036900,2024_04_CIN_CAR,4,J.Chase,CIN,16.0,9.92,WR
807,00-0036900,2024_05_BAL_CIN,5,J.Chase,CIN,36.3,14.36,WR
808,00-0036906,2024_01_TEN_CHI,1,K.Herbert,CHI,0.4,0.99,RB
809,00-0036906,2024_02_CHI_HOU,2,K.Herbert,CHI,7.7,4.83,RB
810,00-0036906,2024_03_CHI_IND,3,K.Herbert,CHI,0.9,9.52,RB
811,00-0036912,2024_01_GB_PHI,1,D.Smith,PHI,11.9,9.6,WR
812,00-0036912,2024_02_ATL_PHI,2,D.Smith,PHI,17.1,17.4,WR
813,00-0036912,2024_03_PHI_NO,3,D.Smith,PHI,11.4,13.62,WR
814,00-0036919,2024_01_GB_PHI,1,K.Gainwell,PHI,1.7,1.36,RB
815,00-0036919,2024_02_ATL_PHI,2,K.Gainwell,PHI,0.6,1.42,RB
816,00-0036919,2024_03_PHI_NO,3,K.Gainwell,PHI,2.2,2.94,RB
817,00-0036919,2024_04_PHI_TB,4,K.Gainwell,PHI,0.9,3.96,RB
818,00-0036945,2024_01_PIT_ATL,1,J.Fields,PIT,11.94,17.85,QB
819,00-0036945,2024_02_PIT_DEN,2,J.Fields,PIT,11.38,14.4,QB
820,00-0036945,2024_03_LAC_PIT,3,J.Fields,PIT,20.6,15.89,QB
821,00-0036945,2024_04_PIT_IND,4,J.Fields,PIT,32.98,26.64,QB
822,00-0036945,2024_05_DAL_PIT,5,J.Fields,PIT,14.94,14.49,QB
823,00-0036963,2024_01_LA_DET,1,A.St. Brown,DET,2.8,6.36,WR
824,00-0036963,2024_02_TB_DET,2,A.St. Brown,DET,17.4,20.67,WR
825,00-0036963,2024_03_DET_ARI,3,A.St. Brown,DET,23.0,9.15,WR
826,00-0036963,2024_04_SEA_DET,4,A.St. Brown,DET,17.78,9.68,WR
827,00-0036970,2024_01_PIT_ATL,1,K.Pitts,ATL,10.1,3.99,TE
828,00-0036970,2024_02_ATL_PHI,2,K.Pitts,ATL,3.5,5.37,TE
829,00-0036970,2024_03_KC_ATL,3,K.Pitts,ATL,6.9,7.68,TE
830,00-0036970,2024_04_NO_ATL,4,K.Pitts,ATL,0.0,3.01,TE
831,00-0036970,2024_05_TB_ATL,5,K.Pitts,ATL,12.3,8.5,TE
832,00-0036971,2024_01_JAX_MIA,1,T.Lawrence,JAX,11.28,10.88,QB
833,00-0036971,2024_02_CLE_JAX,2,T.Lawrence,JAX,13.3,19.45,QB
834,00-0036971,2024_03_JAX_BUF,3,T.Lawrence,JAX,11.42,18.65,QB
835,00-0036971,2024_04_JAX_HOU,4,T.Lawrence,JAX,15.36,21.72,QB
836,00-0036971,2024_05_IND_JAX,5,T.Lawrence,JAX,22.24,13.88,QB
837,00-0036972,2024_03_JAX_BUF,3,M.Jones,JAX,0.88,3.24,QB
838,00-0036973,2024_01_JAX_MIA,1,T.Etienne,JAX,11.9,12.32,RB
839,00-0036973,2024_02_CLE_JAX,2,T.Etienne,JAX,13.3,15.55,RB
840,00-0036973,2024_03_JAX_BUF,3,T.Etienne,JAX,10.5,12.89,RB
841,00-0036973,2024_04_JAX_HOU,4,T.Etienne,JAX,6.5,7.87,RB
842,00-0036973,2024_05_IND_JAX,5,T.Etienne,JAX,9.0,9.38,RB
843,00-0036980,2024_01_DAL_CLE,1,E.Moore,CLE,2.4,6.11,WR
844,00-0036980,2024_02_CLE_JAX,2,E.Moore,CLE,7.4,7.7,WR
845,00-0036980,2024_03_NYG_CLE,3,E.Moore,CLE,2.7,3.43,WR
846,00-0036980,2024_04_CLE_LV,4,E.Moore,CLE,1.6,0.98,WR
847,00-0036980,2024_05_CLE_WAS,5,E.Moore,CLE,2.6,3.84,WR
848,00-0036984,2024_02_IND_GB,2,T.Sermon,IND,1.2,2.13,RB
849,00-0036984,2024_03_CHI_IND,3,T.Sermon,IND,7.6,4.14,RB
850,00-0036984,2024_04_PIT_IND,4,T.Sermon,IND,0.8,2.63,RB
851,00-0036984,2024_05_IND_JAX,5,T.Sermon,IND,15.3,21.22,RB
852,00-0036988,2024_01_LV_LAC,1,J.Palmer,LAC,2.5,6.05,WR
853,00-0036988,2024_02_LAC_CAR,2,J.Palmer,LAC,2.9,1.85,WR
854,00-0036988,2024_04_KC_LAC,4,J.Palmer,LAC,5.1,5.06,WR
855,00-0036997,2024_01_DEN_SEA,1,J.Williams,DEN,2.8,6.51,RB
856,00-0036997,2024_02_PIT_DEN,2,J.Williams,DEN,9.0,10.57,RB
857,00-0036997,2024_03_DEN_TB,3,J.Williams,DEN,5.1,11.09,RB
858,00-0036997,2024_04_DEN_NYJ,4,J.Williams,DEN,9.0,10.72,RB
859,00-0036997,2024_05_LV_DEN,5,J.Williams,DEN,13.6,14.54,RB
860,00-0037004,2024_05_GB_LA,5,H.Long,LA,2.6,1.96,TE
861,00-0037005,2024_02_LAC_CAR,2,T.Tremble,CAR,3.8,3.81,TE
862,00-0037005,2024_03_CAR_LV,3,T.Tremble,CAR,4.4,3.44,TE
863,00-0037005,2024_05_CAR_CHI,5,T.Tremble,CAR,1.2,1.96,TE
864,00-0037085,2024_02_PIT_DEN,2,T.Badie,DEN,2.3,1.47,RB
865,00-0037085,2024_03_DEN_TB,3,T.Badie,DEN,7.0,4.44,RB
866,00-0037085,2024_04_DEN_NYJ,4,T.Badie,DEN,0.6,2.23,RB
867,00-0037086,2024_01_GB_PHI,1,G.Calcaterra,PHI,1.6,0.98,TE
868,00-0037086,2024_02_ATL_PHI,2,G.Calcaterra,PHI,2.9,2.09,TE
869,00-0037086,2024_04_PHI_TB,4,G.Calcaterra,PHI,3.1,2.94,TE
870,00-0037091,2024_02_IND_GB,2,B.Melton,GB,0.8,0.99,WR
871,00-0037091,2024_04_MIN_GB,4,B.Melton,GB,3.3,5.37,WR
872,00-0037091,2024_05_GB_LA,5,B.Melton,GB,1.7,1.96,WR
873,00-0037093,2024_01_DEN_SEA,1,D.Young,SEA,0.0,0.98,WR
874,00-0037120,2024_02_IND_GB,2,T.Goodson,IND,0.7,0.98,RB
875,00-0037120,2024_05_IND_JAX,5,T.Goodson,IND,7.2,5.62,RB
876,00-0037132,2024_02_ATL_PHI,2,B.Covey,PHI,5.3,6.88,WR
877,00-0037132,2024_03_PHI_NO,3,B.Covey,PHI,1.6,0.87,WR
878,00-0037197,2024_01_BAL_KC,1,I.Pacheco,KC,14.8,13.17,RB
879,00-0037197,2024_02_CIN_KC,2,I.Pacheco,KC,13.6,19.24,RB
880,00-0037228,2024_01_PIT_ATL,1,J.Warren,PIT,3.0,2.84,RB
881,00-0037228,2024_02_PIT_DEN,2,J.Warren,PIT,7.1,6.31,RB
882,00-0037228,2024_03_LAC_PIT,3,J.Warren,PIT,0.6,2.35,RB
883,00-0037238,2024_01_PIT_ATL,1,D.London,ATL,2.5,3.1,WR
884,00-0037238,2024_02_ATL_PHI,2,D.London,ATL,14.4,10.48,WR
885,00-0037238,2024_03_KC_ATL,3,D.London,ATL,15.7,13.05,WR
886,00-0037238,2024_04_NO_ATL,4,D.London,ATL,9.4,14.81,WR
887,00-0037238,2024_05_TB_ATL,5,D.London,ATL,27.4,15.04,WR
888,00-0037239,2024_01_CAR_NO,1,C.Olave,NO,2.1,2.83,WR
889,00-0037239,2024_02_NO_DAL,2,C.Olave,NO,10.8,10.19,WR
890,00-0037239,2024_03_PHI_NO,3,C.Olave,NO,17.6,9.6,WR
891,00-0037239,2024_04_NO_ATL,4,C.Olave,NO,12.7,12.57,WR
892,00-0037239,2024_05_NO_KC,5,C.Olave,NO,2.0,5.69,WR
893,00-0037240,2024_01_LA_DET,1,J.Williams,DET,21.9,11.82,WR
894,00-0037240,2024_02_TB_DET,2,J.Williams,DET,11.9,15.4,WR
895,00-0037240,2024_03_DET_ARI,3,J.Williams,DET,0.7,5.08,WR
896,00-0037240,2024_04_SEA_DET,4,J.Williams,DET,15.0,2.67,WR
898,00-0037247,2024_01_PIT_ATL,1,G.Pickens,PIT,10.5,8.88,WR
899,00-0037247,2024_02_PIT_DEN,2,G.Pickens,PIT,3.9,4.91,WR
900,00-0037247,2024_03_LAC_PIT,3,G.Pickens,PIT,8.2,9.99,WR
901,00-0037247,2024_04_PIT_IND,4,G.Pickens,PIT,14.8,17.25,WR
902,00-0037247,2024_05_DAL_PIT,5,G.Pickens,PIT,4.1,7.74,WR
903,00-0037248,2024_01_ARI_BUF,1,J.Cook,BUF,11.8,15.67,RB
904,00-0037248,2024_02_BUF_MIA,2,J.Cook,BUF,28.0,9.43,RB
905,00-0037248,2024_03_JAX_BUF,3,J.Cook,BUF,16.7,12.49,RB
906,00-0037248,2024_04_BUF_BAL,4,J.Cook,BUF,5.3,5.42,RB
907,00-0037248,2024_05_BUF_HOU,5,J.Cook,BUF,16.9,14.47,RB
908,00-0037252,2024_01_DEN_SEA,1,G.Dulcich,DEN,2.2,2.94,TE
909,00-0037252,2024_02_PIT_DEN,2,G.Dulcich,DEN,3.1,8.85,TE
910,00-0037252,2024_04_DEN_NYJ,4,G.Dulcich,DEN,0.0,0.87,TE
911,00-0037256,2024_01_WAS_TB,1,R.White,TB,13.6,14.65,RB
912,00-0037256,2024_02_TB_DET,2,R.White,TB,2.8,6.63,RB
913,00-0037256,2024_03_DEN_TB,3,R.White,TB,6.0,11.58,RB
914,00-0037256,2024_04_PHI_TB,4,R.White,TB,9.4,7.65,RB
915,00-0037256,2024_05_TB_ATL,5,R.White,TB,8.1,8.18,RB
916,00-0037257,2024_02_CLE_JAX,2,D.Bell,CLE,4.2,2.99,WR
917,00-0037258,2024_01_HOU_IND,1,D.Pierce,HOU,1.6,1.67,RB
918,00-0037261,2024_01_ARI_BUF,1,K.Shakir,BUF,11.7,3.38,WR
919,00-0037261,2024_02_BUF_MIA,2,K.Shakir,BUF,8.1,6.51,WR
920,00-0037261,2024_03_JAX_BUF,3,K.Shakir,BUF,16.2,5.44,WR
921,00-0037261,2024_04_BUF_BAL,4,K.Shakir,BUF,8.2,5.66,WR
922,00-0037263,2024_01_PIT_ATL,1,T.Allgeier,ATL,2.1,1.48,RB
923,00-0037263,2024_02_ATL_PHI,2,T.Allgeier,ATL,7.0,6.19,RB
924,00-0037263,2024_03_KC_ATL,3,T.Allgeier,ATL,3.2,4.08,RB
925,00-0037263,2024_04_NO_ATL,4,T.Allgeier,ATL,9.0,5.68,RB
926,00-0037263,2024_05_TB_ATL,5,T.Allgeier,ATL,4.0,6.14,RB
927,00-0037267,2024_01_DAL_CLE,1,J.Ford,CLE,15.9,15.53,RB
928,00-0037267,2024_02_CLE_JAX,2,J.Ford,CLE,6.9,5.3,RB
929,00-0037267,2024_03_NYG_CLE,3,J.Ford,CLE,8.5,8.52,RB
930,00-0037267,2024_04_CLE_LV,4,J.Ford,CLE,12.0,11.93,RB
931,00-0037267,2024_05_CLE_WAS,5,J.Ford,CLE,6.4,7.05,RB
932,00-0037276,2024_01_MIN_NYG,1,T.Chandler,MIN,5.7,7.77,RB
933,00-0037276,2024_02_SF_MIN,2,T.Chandler,MIN,8.2,5.8,RB
934,00-0037276,2024_03_HOU_MIN,3,T.Chandler,MIN,1.3,3.45,RB
935,00-0037276,2024_04_MIN_GB,4,T.Chandler,MIN,1.8,2.35,RB
936,00-0037276,2024_05_NYJ_MIN,5,T.Chandler,MIN,4.9,9.12,RB
937,00-0037291,2024_01_MIN_NYG,1,J.Nailor,MIN,8.6,2.87,WR
938,00-0037291,2024_02_SF_MIN,2,J.Nailor,MIN,12.9,7.29,WR
939,00-0037291,2024_03_HOU_MIN,3,J.Nailor,MIN,10.9,6.85,WR
940,00-0037291,2024_04_MIN_GB,4,J.Nailor,MIN,3.6,4.53,WR
941,00-0037292,2024_02_IND_GB,2,A.Ogletree,IND,1.7,2.46,TE
942,00-0037292,2024_04_PIT_IND,4,A.Ogletree,IND,8.0,0.98,TE
943,00-0037292,2024_05_IND_JAX,5,A.Ogletree,IND,1.0,0.98,TE
944,00-0037304,2024_03_LAC_PIT,3,Co.Heyward,PIT,0.7,0.98,TE
945,00-0037304,2024_05_DAL_PIT,5,Co.Heyward,PIT,9.3,4.57,TE
946,00-0037327,2024_02_BUF_MIA,2,S.Thompson,MIA,3.6,10.52,QB
947,00-0037327,2024_03_MIA_SEA,3,S.Thompson,MIA,4.28,9.35,QB
950,00-0037382,2024_05_DAL_PIT,5,B.Johnson,PIT,1.4,0.98,WR
952,00-0037525,2024_01_NYJ_SF,1,J.Mason,SF,21.7,18.01,RB
953,00-0037525,2024_02_SF_MIN,2,J.Mason,SF,16.9,13.79,RB
954,00-0037525,2024_03_SF_LA,3,J.Mason,SF,9.7,17.33,RB
955,00-0037525,2024_04_NE_SF,4,J.Mason,SF,23.0,18.77,RB
956,00-0037525,2024_05_ARI_SF,5,J.Mason,SF,9.3,8.99,RB
957,00-0037525,2024_06_SF_SEA,6,J.Mason,SF,8.7,7.57,RB
958,00-0037539,2024_05_LV_DEN,5,L.Krull,DEN,1.0,0.98,TE
959,00-0037545,2024_01_CAR_NO,1,R.Shaheed,NO,14.8,7.74,WR
960,00-0037545,2024_02_NO_DAL,2,R.Shaheed,NO,18.9,6.41,WR
961,00-0037545,2024_03_PHI_NO,3,R.Shaheed,NO,0.0,8.84,WR
962,00-0037545,2024_04_NO_ATL,4,R.Shaheed,NO,13.7,18.27,WR
963,00-0037545,2024_05_NO_KC,5,R.Shaheed,NO,16.6,14.96,WR
964,00-0037557,2024_01_LA_DET,1,R.Rivers,LA,1.6,0.99,RB
965,00-0037557,2024_02_LA_ARI,2,R.Rivers,LA,0.5,0.87,RB
966,00-0037557,2024_03_SF_LA,3,R.Rivers,LA,0.9,0.99,RB
967,00-0037557,2024_04_LA_CHI,4,R.Rivers,LA,2.6,2.96,RB
970,00-0037614,2024_04_JAX_HOU,4,J.Metchie,HOU,1.2,0.87,WR
971,00-0037617,2024_02_LAC_CAR,2,H.Haskins,LAC,1.1,1.48,RB
972,00-0037664,2024_01_HOU_IND,1,A.Pierce,IND,20.0,3.94,WR
973,00-0037664,2024_02_IND_GB,2,A.Pierce,IND,14.1,10.29,WR
974,00-0037664,2024_03_CHI_IND,3,A.Pierce,IND,4.9,2.94,WR
975,00-0037664,2024_04_PIT_IND,4,A.Pierce,IND,1.4,2.46,WR
976,00-0037664,2024_05_IND_JAX,5,A.Pierce,IND,20.9,4.44,WR
977,00-0037666,2024_01_DAL_CLE,1,J.Tolbert,DAL,1.7,2.12,WR
978,00-0037666,2024_02_NO_DAL,2,J.Tolbert,DAL,11.2,11.65,WR
979,00-0037666,2024_03_BAL_DAL,3,J.Tolbert,DAL,11.7,7.71,WR
980,00-0037666,2024_04_DAL_NYG,4,J.Tolbert,DAL,3.9,3.1,WR
981,00-0037666,2024_05_DAL_PIT,5,J.Tolbert,DAL,18.2,14.01,WR
982,00-0037740,2024_01_NYJ_SF,1,G.Wilson,NYJ,9.0,12.27,WR
983,00-0037740,2024_02_NYJ_TEN,2,G.Wilson,NYJ,8.2,6.87,WR
984,00-0037740,2024_03_NE_NYJ,3,G.Wilson,NYJ,11.8,14.02,WR
985,00-0037740,2024_04_DEN_NYJ,4,G.Wilson,NYJ,6.6,8.5,WR
986,00-0037740,2024_05_NYJ_MIN,5,G.Wilson,NYJ,22.6,24.92,WR
987,00-0037741,2024_01_GB_PHI,1,J.Dotson,PHI,0.0,0.87,WR
988,00-0037741,2024_02_ATL_PHI,2,J.Dotson,PHI,1.1,0.87,WR
989,00-0037741,2024_03_PHI_NO,3,J.Dotson,PHI,1.8,3.38,WR
990,00-0037741,2024_04_PHI_TB,4,J.Dotson,PHI,2.1,4.3,WR
991,00-0037742,2024_01_TEN_CHI,1,T.Burks,TEN,0.8,2.95,WR
992,00-0037742,2024_02_NYJ_TEN,2,T.Burks,TEN,0.0,1.48,WR
993,00-0037742,2024_03_GB_TEN,3,T.Burks,TEN,1.4,3.51,WR
994,00-0037742,2024_04_TEN_MIA,4,T.Burks,TEN,1.8,1.43,WR
995,00-0037744,2024_01_ARI_BUF,1,T.McBride,ARI,5.5,10.29,TE
996,00-0037744,2024_02_LA_ARI,2,T.McBride,ARI,9.7,6.65,TE
997,00-0037744,2024_03_DET_ARI,3,T.McBride,ARI,4.0,7.46,TE
998,00-0037744,2024_05_ARI_SF,5,T.McBride,ARI,8.3,10.82,TE
999,00-0037745,2024_01_TEN_CHI,1,V.Jones,CHI,2.4,1.86,WR
1000,00-0037746,2024_01_WAS_TB,1,B.Robinson,WAS,16.4,13.53,RB
1001,00-0037746,2024_02_NYG_WAS,2,B.Robinson,WAS,14.1,13.7,RB
1002,00-0037746,2024_03_WAS_CIN,3,B.Robinson,WAS,10.2,18.86,RB
1003,00-0037746,2024_04_WAS_ARI,4,B.Robinson,WAS,18.8,14.18,RB
1004,00-0037746,2024_05_CLE_WAS,5,B.Robinson,WAS,13.8,10.4,RB
1005,00-0037801,2024_01_DAL_CLE,1,K.Turpin,DAL,0.0,1.47,WR
1006,00-0037801,2024_02_NO_DAL,2,K.Turpin,DAL,1.6,4.68,WR
1007,00-0037801,2024_03_BAL_DAL,3,K.Turpin,DAL,12.7,5.38,WR
1008,00-0037801,2024_05_DAL_PIT,5,K.Turpin,DAL,6.4,5.56,WR
1009,00-0037805,2024_02_NYJ_TEN,2,J.Ruckert,NYJ,0.0,4.21,TE
1010,00-0037805,2024_03_NE_NYJ,3,J.Ruckert,NYJ,2.5,1.85,TE
1011,00-0037805,2024_04_DEN_NYJ,4,J.Ruckert,NYJ,2.0,1.74,TE
1012,00-0037809,2024_01_TEN_CHI,1,C.Okonkwo,TEN,8.5,2.99,TE
1013,00-0037809,2024_02_NYJ_TEN,2,C.Okonkwo,TEN,3.1,2.72,TE
1014,00-0037809,2024_03_GB_TEN,3,C.Okonkwo,TEN,2.5,1.96,TE
1015,00-0037809,2024_04_TEN_MIA,4,C.Okonkwo,TEN,1.0,4.11,TE
1016,00-0037816,2024_01_GB_PHI,1,R.Doubs,GB,7.0,9.49,WR
1017,00-0037816,2024_02_IND_GB,2,R.Doubs,GB,7.7,4.78,WR
1018,00-0037816,2024_03_GB_TEN,3,R.Doubs,GB,2.3,4.65,WR
1019,00-0037816,2024_04_MIN_GB,4,R.Doubs,GB,5.9,10.43,WR
1020,00-0037834,2024_01_NYJ_SF,1,B.Purdy,SF,10.34,14.07,QB
1021,00-0037834,2024_02_SF_MIN,2,B.Purdy,SF,17.96,20.11,QB
1022,00-0037834,2024_03_SF_LA,3,B.Purdy,SF,27.78,22.63,QB
1023,00-0037834,2024_04_NE_SF,4,B.Purdy,SF,16.72,22.75,QB
1024,00-0037834,2024_05_ARI_SF,5,B.Purdy,SF,17.06,26.58,QB
1025,00-0037834,2024_06_SF_SEA,6,B.Purdy,SF,24.2,16.9,QB
1026,00-0037837,2024_01_PIT_ATL,1,C.Austin,PIT,1.2,1.96,WR
1027,00-0037837,2024_02_PIT_DEN,2,C.Austin,PIT,1.1,2.46,WR
1028,00-0037837,2024_03_LAC_PIT,3,C.Austin,PIT,17.5,7.27,WR
1029,00-0037837,2024_04_PIT_IND,4,C.Austin,PIT,2.2,1.5,WR
1030,00-0037837,2024_05_DAL_PIT,5,C.Austin,PIT,1.1,2.46,WR
1031,00-0037838,2024_01_BAL_KC,1,I.Likely,BAL,21.6,14.62,TE
1032,00-0037838,2024_02_LV_BAL,2,I.Likely,BAL,3.6,3.32,TE
1033,00-0037838,2024_03_BAL_DAL,3,I.Likely,BAL,0.9,0.98,TE
1034,00-0037838,2024_04_BUF_BAL,4,I.Likely,BAL,3.1,2.88,TE
1035,00-0037838,2024_05_BAL_CIN,5,I.Likely,BAL,14.8,7.26,TE
1036,00-0037840,2024_01_LA_DET,1,K.Williams,LA,12.9,16.71,RB
1037,00-0037840,2024_02_LA_ARI,2,K.Williams,LA,13.2,16.79,RB
1038,00-0037840,2024_03_SF_LA,3,K.Williams,LA,30.6,19.37,RB
1039,00-0037840,2024_04_LA_CHI,4,K.Williams,LA,18.4,16.28,RB
1040,00-0037840,2024_05_GB_LA,5,K.Williams,LA,16.0,16.55,RB
1041,00-0038040,2024_01_LV_LAC,1,Z.White,LV,4.6,8.26,RB
1042,00-0038040,2024_02_LV_BAL,2,Z.White,LV,5.3,7.92,RB
1043,00-0038040,2024_03_CAR_LV,3,Z.White,LV,3.4,5.19,RB
1044,00-0038040,2024_04_CLE_LV,4,Z.White,LV,10.0,10.18,RB
1045,00-0038041,2024_01_DAL_CLE,1,J.Ferguson,DAL,3.0,6.12,TE
1046,00-0038041,2024_03_BAL_DAL,3,J.Ferguson,DAL,12.5,11.63,TE
1047,00-0038041,2024_04_DAL_NYG,4,J.Ferguson,DAL,8.4,6.65,TE
1048,00-0038041,2024_05_DAL_PIT,5,J.Ferguson,DAL,10.0,6.87,TE
1049,00-0038046,2024_02_LV_BAL,2,C.Kolar,BAL,0.9,0.98,TE
1050,00-0038046,2024_03_BAL_DAL,3,C.Kolar,BAL,3.5,0.98,TE
1051,00-0038046,2024_05_BAL_CIN,5,C.Kolar,BAL,14.1,7.93,TE
1052,00-0038090,2024_04_KC_LAC,4,S.Moore,KC,0.0,1.96,WR
1053,00-0038092,2024_03_MIA_SEA,3,E.Ezukanma,MIA,0.0,3.57,WR
1054,00-0038098,2024_01_DAL_CLE,1,P.Strong,CLE,4.0,3.71,RB
1055,00-0038098,2024_02_CLE_JAX,2,P.Strong,CLE,1.0,2.46,RB
1056,00-0038098,2024_05_CLE_WAS,5,P.Strong,CLE,0.2,1.47,RB
1057,00-0038104,2024_01_NE_CIN,1,T.Thornton,NE,3.7,3.92,WR
1058,00-0038104,2024_03_NE_NYJ,3,T.Thornton,NE,0.0,2.16,WR
1059,00-0038104,2024_04_NE_SF,4,T.Thornton,NE,0.0,0.98,WR
1060,00-0038115,2024_01_MIN_NYG,1,D.Bellinger,NYG,0.8,0.98,TE
1061,00-0038115,2024_03_NYG_CLE,3,D.Bellinger,NYG,2.2,1.47,TE
1062,00-0038117,2024_01_MIN_NYG,1,W.Robinson,NYG,8.8,14.82,WR
1063,00-0038117,2024_02_NYG_WAS,2,W.Robinson,NYG,8.8,4.57,WR
1064,00-0038117,2024_03_NYG_CLE,3,W.Robinson,NYG,9.6,7.76,WR
1065,00-0038117,2024_04_DAL_NYG,4,W.Robinson,NYG,12.6,15.1,WR
1066,00-0038117,2024_05_NYG_SEA,5,W.Robinson,NYG,13.0,10.01,WR
1067,00-0038120,2024_01_NYJ_SF,1,B.Hall,NYJ,17.8,16.96,RB
1068,00-0038120,2024_02_NYJ_TEN,2,B.Hall,NYJ,20.9,15.64,RB
1069,00-0038120,2024_03_NE_NYJ,3,B.Hall,NYJ,16.3,15.98,RB
1070,00-0038120,2024_04_DEN_NYJ,4,B.Hall,NYJ,2.8,15.48,RB
1071,00-0038120,2024_05_NYJ_MIN,5,B.Hall,NYJ,5.2,8.28,RB
1072,00-0038124,2024_01_GB_PHI,1,C.Watson,GB,8.8,10.98,WR
1073,00-0038124,2024_03_GB_TEN,3,C.Watson,GB,7.7,3.88,WR
1074,00-0038124,2024_04_MIN_GB,4,C.Watson,GB,0.0,1.43,WR
1075,00-0038128,2024_01_GB_PHI,1,M.Willis,GB,0.0,0.51,QB
1076,00-0038128,2024_02_IND_GB,2,M.Willis,GB,12.98,9.02,QB
1077,00-0038128,2024_03_GB_TEN,3,M.Willis,GB,25.38,15.56,QB
1078,00-0038129,2024_01_WAS_TB,1,C.Otton,TB,1.0,1.96,TE
1079,00-0038129,2024_02_TB_DET,2,C.Otton,TB,-0.4,4.65,TE
1080,00-0038129,2024_03_DEN_TB,3,C.Otton,TB,8.2,7.85,TE
1081,00-0038129,2024_04_PHI_TB,4,C.Otton,TB,8.2,9.43,TE
1082,00-0038129,2024_05_TB_ATL,5,C.Otton,TB,5.9,3.81,TE
1083,00-0038134,2024_01_DEN_SEA,1,K.Walker,SEA,17.9,13.77,RB
1084,00-0038134,2024_04_SEA_DET,4,K.Walker,SEA,31.6,16.64,RB
1085,00-0038134,2024_05_NYG_SEA,5,K.Walker,SEA,11.1,10.01,RB
1086,00-0038134,2024_06_SF_SEA,6,K.Walker,SEA,16.9,19.37,RB
1087,00-0038359,2024_05_GB_LA,5,X.Smith,LA,1.6,1.85,WR
1088,00-0038393,2024_01_GB_PHI,1,D.Wicks,GB,0.0,3.57,WR
1089,00-0038393,2024_02_IND_GB,2,D.Wicks,GB,10.1,4.89,WR
1090,00-0038393,2024_03_GB_TEN,3,D.Wicks,GB,0.0,3.88,WR
1091,00-0038393,2024_04_MIN_GB,4,D.Wicks,GB,22.3,20.3,WR
1092,00-0038393,2024_05_GB_LA,5,D.Wicks,GB,3.0,8.25,WR
1093,00-0038394,2024_05_IND_JAX,5,W.Mallory,IND,1.2,0.98,TE
1094,00-0038396,2024_01_MIN_NYG,1,E.Gray,NYG,2.0,1.86,RB
1095,00-0038396,2024_03_NYG_CLE,3,E.Gray,NYG,0.0,0.49,RB
1096,00-0038396,2024_04_DAL_NYG,4,E.Gray,NYG,0.1,0.49,RB
1097,00-0038396,2024_05_NYG_SEA,5,E.Gray,NYG,11.9,12.18,RB
1098,00-0038465,2024_04_MIN_GB,4,M.Heath,GB,2.2,1.96,WR
1099,00-0038465,2024_05_GB_LA,5,M.Heath,GB,2.4,2.83,WR
1100,00-0038496,2024_01_NYJ_SF,1,X.Gipson,NYJ,0.0,1.51,WR
1101,00-0038496,2024_03_NE_NYJ,3,X.Gipson,NYJ,2.6,1.85,WR
1102,00-0038496,2024_04_DEN_NYJ,4,X.Gipson,NYJ,1.1,4.8,WR
1104,00-0038542,2024_01_PIT_ATL,1,B.Robinson,ATL,13.6,13.71,RB
1105,00-0038542,2024_02_ATL_PHI,2,B.Robinson,ATL,14.2,13.36,RB
1106,00-0038542,2024_03_KC_ATL,3,B.Robinson,ATL,12.2,12.78,RB
1107,00-0038542,2024_04_NO_ATL,4,B.Robinson,ATL,9.4,7.15,RB
1108,00-0038542,2024_05_TB_ATL,5,B.Robinson,ATL,9.2,8.79,RB
1109,00-0038543,2024_01_DEN_SEA,1,J.Smith-Njigba,SEA,2.9,1.96,WR
1110,00-0038543,2024_02_SEA_NE,2,J.Smith-Njigba,SEA,17.7,18.57,WR
1111,00-0038543,2024_03_MIA_SEA,3,J.Smith-Njigba,SEA,5.4,2.94,WR
1112,00-0038543,2024_04_SEA_DET,4,J.Smith-Njigba,SEA,9.1,15.49,WR
1113,00-0038543,2024_05_NYG_SEA,5,J.Smith-Njigba,SEA,11.1,8.48,WR
1114,00-0038543,2024_06_SF_SEA,6,J.Smith-Njigba,SEA,7.8,12.93,WR
1115,00-0038544,2024_01_LV_LAC,1,Q.Johnston,LAC,5.3,5.84,WR
1116,00-0038544,2024_02_LAC_CAR,2,Q.Johnston,LAC,19.6,10.15,WR
1117,00-0038544,2024_03_LAC_PIT,3,Q.Johnston,LAC,11.4,2.45,WR
1118,00-0038544,2024_04_KC_LAC,4,Q.Johnston,LAC,1.8,6.27,WR
1119,00-0038547,2024_02_NO_DAL,2,L.Schoonmaker,DAL,7.3,5.67,TE
1120,00-0038547,2024_03_BAL_DAL,3,L.Schoonmaker,DAL,1.0,3.29,TE
1121,00-0038547,2024_05_DAL_PIT,5,L.Schoonmaker,DAL,1.3,1.85,TE
1122,00-0038555,2024_01_JAX_MIA,1,T.Bigsby,JAX,7.3,5.92,RB
1123,00-0038555,2024_03_JAX_BUF,3,T.Bigsby,JAX,0.9,0.99,RB
1124,00-0038555,2024_04_JAX_HOU,4,T.Bigsby,JAX,9.0,7.25,RB
1125,00-0038555,2024_05_IND_JAX,5,T.Bigsby,JAX,25.4,9.48,RB
1126,00-0038558,2024_01_PIT_ATL,1,D.Washington,PIT,1.0,0.98,TE
1127,00-0038558,2024_02_PIT_DEN,2,D.Washington,PIT,7.0,2.59,TE
1128,00-0038558,2024_04_PIT_IND,4,D.Washington,PIT,4.1,1.85,TE
1129,00-0038558,2024_05_DAL_PIT,5,D.Washington,PIT,1.0,2.46,TE
1130,00-0038559,2024_01_ARI_BUF,1,Mi.Wilson,ARI,7.0,3.77,WR
1131,00-0038559,2024_02_LA_ARI,2,Mi.Wilson,ARI,4.1,2.94,WR
1132,00-0038559,2024_03_DET_ARI,3,Mi.Wilson,ARI,10.4,10.35,WR
1133,00-0038559,2024_04_WAS_ARI,4,Mi.Wilson,ARI,5.3,8.45,WR
1134,00-0038559,2024_05_ARI_SF,5,Mi.Wilson,ARI,10.3,7.38,WR
1135,00-0038563,2024_01_LV_LAC,1,T.Tucker,LV,3.2,3.48,WR
1136,00-0038563,2024_02_LV_BAL,2,T.Tucker,LV,2.3,1.74,WR
1137,00-0038563,2024_03_CAR_LV,3,T.Tucker,LV,19.1,10.97,WR
1138,00-0038563,2024_04_CLE_LV,4,T.Tucker,LV,12.9,8.26,WR
1139,00-0038563,2024_05_LV_DEN,5,T.Tucker,LV,3.6,7.36,WR
1140,00-0038573,2024_01_LV_LAC,1,D.Davis,LAC,0.9,0.99,WR
1141,00-0038573,2024_03_LAC_PIT,3,D.Davis,LAC,0.8,0.49,WR
1142,00-0038576,2024_01_NE_CIN,1,C.Jones,CIN,1.0,0.98,WR
1143,00-0038579,2024_03_CAR_LV,3,A.O'Connell,LV,7.28,5.64,QB
1144,00-0038579,2024_05_LV_DEN,5,A.O'Connell,LV,3.76,7.27,QB
1145,00-0038582,2024_02_LA_ARI,2,C.Tune,ARI,-1.6,0.68,QB
1146,00-0038589,2024_02_NYJ_TEN,2,J.Whyle,TEN,2.3,1.96,TE
1147,00-0038589,2024_03_GB_TEN,3,J.Whyle,TEN,6.3,6.01,TE
1148,00-0038589,2024_04_TEN_MIA,4,J.Whyle,TEN,1.0,0.98,TE
1149,00-0038597,2024_01_NE_CIN,1,C.Brown,CIN,3.8,4.59,RB
1150,00-0038597,2024_02_CIN_KC,2,C.Brown,CIN,3.1,1.97,RB
1151,00-0038597,2024_03_WAS_CIN,3,C.Brown,CIN,7.9,6.17,RB
1152,00-0038597,2024_04_CIN_CAR,4,C.Brown,CIN,22.2,16.16,RB
1153,00-0038597,2024_05_BAL_CIN,5,C.Brown,CIN,14.9,12.88,RB
1154,00-0038606,2024_01_JAX_MIA,1,P.Washington,JAX,0.8,0.87,WR
1155,00-0038606,2024_02_CLE_JAX,2,P.Washington,JAX,0.0,0.87,WR
1156,00-0038606,2024_03_JAX_BUF,3,P.Washington,JAX,2.8,4.16,WR
1157,00-0038608,2024_03_NE_NYJ,3,K.Boutte,NE,0.7,1.96,WR
1158,00-0038608,2024_04_NE_SF,4,K.Boutte,NE,1.6,0.98,WR
1159,00-0038608,2024_05_MIA_NE,5,K.Boutte,NE,4.4,2.52,WR
1162,00-0038618,2024_01_HOU_IND,1,X.Hutchinson,HOU,0.8,0.98,WR
1163,00-0038618,2024_02_CHI_HOU,2,X.Hutchinson,HOU,0.0,0.98,WR
1164,00-0038618,2024_03_HOU_MIN,3,X.Hutchinson,HOU,0.0,0.87,WR
1165,00-0038618,2024_05_BUF_HOU,5,X.Hutchinson,HOU,4.1,4.35,WR
1166,00-0038619,2024_01_NE_CIN,1,A.Iosivas,CIN,4.1,6.44,WR
1167,00-0038619,2024_02_CIN_KC,2,A.Iosivas,CIN,13.7,6.97,WR
1168,00-0038619,2024_03_WAS_CIN,3,A.Iosivas,CIN,13.7,13.22,WR
1169,00-0038619,2024_04_CIN_CAR,4,A.Iosivas,CIN,3.4,1.75,WR
1170,00-0038619,2024_05_BAL_CIN,5,A.Iosivas,CIN,4.4,2.93,WR
1171,00-0038621,2024_01_NE_CIN,1,D.Douglas,NE,2.2,2.94,WR
1172,00-0038621,2024_03_NE_NYJ,3,D.Douglas,NE,11.3,9.75,WR
1173,00-0038621,2024_04_NE_SF,4,D.Douglas,NE,2.8,2.83,WR
1174,00-0038621,2024_05_MIA_NE,5,D.Douglas,NE,8.9,10.16,WR
1175,00-0038622,2024_01_DAL_CLE,1,D.Vaughn,DAL,0.4,0.49,RB
1176,00-0038622,2024_02_NO_DAL,2,D.Vaughn,DAL,2.2,2.85,RB
1177,00-0038622,2024_03_BAL_DAL,3,D.Vaughn,DAL,1.8,2.84,RB
1178,00-0038636,2024_03_MIA_SEA,3,K.McIntosh,SEA,1.1,1.48,RB
1179,00-0038640,2024_01_DAL_CLE,1,J.Brooks,DAL,2.3,0.98,WR
1180,00-0038640,2024_02_NO_DAL,2,J.Brooks,DAL,1.5,3.93,WR
1181,00-0038640,2024_03_BAL_DAL,3,J.Brooks,DAL,2.9,2.94,WR
1182,00-0038640,2024_05_DAL_PIT,5,J.Brooks,DAL,1.5,1.05,WR
1183,00-0038647,2024_03_SF_LA,3,R.Bell,SF,1.7,4.84,WR
1184,00-0038678,2024_01_CAR_NO,1,J.Mims,NO,1.1,1.97,RB
1186,00-0038705,2024_01_ARI_BUF,1,E.Demercado,ARI,3.6,1.88,RB
1187,00-0038705,2024_02_LA_ARI,2,E.Demercado,ARI,4.6,0.99,RB
1188,00-0038705,2024_03_DET_ARI,3,E.Demercado,ARI,0.7,0.99,RB
1189,00-0038705,2024_04_WAS_ARI,4,E.Demercado,ARI,2.9,2.84,RB
1190,00-0038705,2024_05_ARI_SF,5,E.Demercado,ARI,0.5,0.87,RB
1192,00-0038720,2024_01_JAX_MIA,1,J.Hill,MIA,1.1,0.98,TE
1193,00-0038720,2024_02_BUF_MIA,2,J.Hill,MIA,0.0,4.28,TE
1194,00-0038720,2024_03_MIA_SEA,3,J.Hill,MIA,3.4,1.96,TE
1195,00-0038720,2024_05_MIA_NE,5,J.Hill,MIA,0.0,1.51,TE
1196,00-0038738,2024_01_DAL_CLE,1,H.Luepke,DAL,2.8,1.74,RB
1197,00-0038738,2024_03_BAL_DAL,3,H.Luepke,DAL,5.1,3.44,RB
1198,00-0038738,2024_04_DAL_NYG,4,H.Luepke,DAL,3.2,2.95,RB
1199,00-0038738,2024_05_DAL_PIT,5,H.Luepke,DAL,2.9,1.86,RB
1200,00-0038752,2024_02_SEA_NE,2,J.Bobo,SEA,2.5,1.96,WR
1201,00-0038752,2024_04_SEA_DET,4,J.Bobo,SEA,4.5,5.08,WR
1202,00-0038752,2024_05_NYG_SEA,5,J.Bobo,SEA,0.8,0.98,WR
1203,00-0038752,2024_06_SF_SEA,6,J.Bobo,SEA,2.8,4.91,WR
1204,00-0038783,2024_02_PIT_DEN,2,N.Adkins,DEN,0.0,1.47,TE
1205,00-0038783,2024_03_DEN_TB,3,N.Adkins,DEN,1.1,0.98,TE
1206,00-0038783,2024_04_DEN_NYJ,4,N.Adkins,DEN,0.5,0.87,TE
1207,00-0038783,2024_05_LV_DEN,5,N.Adkins,DEN,1.3,0.98,TE
1208,00-0038794,2024_01_DEN_SEA,1,J.McLaughlin,DEN,5.3,9.43,RB
1209,00-0038794,2024_02_PIT_DEN,2,J.McLaughlin,DEN,0.6,1.48,RB
1210,00-0038794,2024_03_DEN_TB,3,J.McLaughlin,DEN,7.9,8.46,RB
1211,00-0038794,2024_04_DEN_NYJ,4,J.McLaughlin,DEN,5.1,5.71,RB
1212,00-0038794,2024_05_LV_DEN,5,J.McLaughlin,DEN,10.0,7.08,RB
1213,00-0038797,2024_01_GB_PHI,1,Em.Wilson,GB,5.8,4.69,RB
1214,00-0038797,2024_02_IND_GB,2,Em.Wilson,GB,0.9,2.47,RB
1215,00-0038797,2024_03_GB_TEN,3,Em.Wilson,GB,15.5,7.85,RB
1216,00-0038797,2024_04_MIN_GB,4,Em.Wilson,GB,2.7,4.81,RB
1217,00-0038797,2024_05_GB_LA,5,Em.Wilson,GB,2.0,3.99,RB
1219,00-0038933,2024_01_ARI_BUF,1,D.Kincaid,BUF,1.6,2.4,TE
1220,00-0038933,2024_02_BUF_MIA,2,D.Kincaid,BUF,5.3,3.48,TE
1221,00-0038933,2024_03_JAX_BUF,3,D.Kincaid,BUF,11.6,9.76,TE
1222,00-0038933,2024_04_BUF_BAL,4,D.Kincaid,BUF,7.2,8.6,TE
1223,00-0038933,2024_05_BUF_HOU,5,D.Kincaid,BUF,4.4,9.06,TE
1224,00-0038935,2024_02_CLE_JAX,2,B.Strange,JAX,8.0,8.59,TE
1225,00-0038935,2024_03_JAX_BUF,3,B.Strange,JAX,8.2,6.78,TE
1226,00-0038935,2024_04_JAX_HOU,4,B.Strange,JAX,3.4,2.94,TE
1227,00-0038935,2024_05_IND_JAX,5,B.Strange,JAX,10.4,5.43,TE
1228,00-0038938,2024_01_MIN_NYG,1,J.Hyatt,NYG,0.0,1.47,WR
1229,00-0038938,2024_03_NYG_CLE,3,J.Hyatt,NYG,0.0,1.48,WR
1230,00-0038938,2024_04_DAL_NYG,4,J.Hyatt,NYG,0.0,1.48,WR
1231,00-0038951,2024_03_DEN_TB,3,S.Tucker,TB,0.4,0.49,RB
1232,00-0038951,2024_04_PHI_TB,4,S.Tucker,TB,2.2,1.36,RB
1233,00-0038976,2024_01_DEN_SEA,1,M.Mims,DEN,0.0,1.05,WR
1234,00-0038976,2024_02_PIT_DEN,2,M.Mims,DEN,1.3,2.46,WR
1235,00-0038976,2024_03_DEN_TB,3,M.Mims,DEN,1.4,0.98,WR
1236,00-0038976,2024_05_LV_DEN,5,M.Mims,DEN,2.9,1.36,WR
1237,00-0038977,2024_01_HOU_IND,1,T.Dell,HOU,7.4,12.62,WR
1238,00-0038977,2024_02_CHI_HOU,2,T.Dell,HOU,1.8,6.93,WR
1239,00-0038977,2024_03_HOU_MIN,3,T.Dell,HOU,8.7,7.28,WR
1240,00-0038977,2024_05_BUF_HOU,5,T.Dell,HOU,5.3,4.96,WR
1241,00-0038979,2024_01_DAL_CLE,1,C.Tillman,CLE,0.8,0.98,WR
1242,00-0038979,2024_02_CLE_JAX,2,C.Tillman,CLE,0.7,1.74,WR
1243,00-0038979,2024_03_NYG_CLE,3,C.Tillman,CLE,0.9,2.03,WR
1245,00-0038994,2024_01_MIN_NYG,1,J.Addison,MIN,5.0,6.68,WR
1246,00-0038994,2024_04_MIN_GB,4,J.Addison,MIN,21.4,8.89,WR
1247,00-0038994,2024_05_NYJ_MIN,5,J.Addison,MIN,5.1,10.76,WR
1248,00-0038996,2024_01_GB_PHI,1,T.Kraft,GB,4.7,2.97,TE
1249,00-0038996,2024_02_IND_GB,2,T.Kraft,GB,2.6,1.85,TE
1250,00-0038996,2024_03_GB_TEN,3,T.Kraft,GB,3.4,2.94,TE
1251,00-0038996,2024_04_MIN_GB,4,T.Kraft,GB,16.3,11.52,TE
1252,00-0038996,2024_05_GB_LA,5,T.Kraft,GB,22.8,5.93,TE
1253,00-0038997,2024_03_CHI_IND,3,J.Downs,IND,3.7,4.68,WR
1254,00-0038997,2024_04_PIT_IND,4,J.Downs,IND,18.2,11.14,WR
1255,00-0038997,2024_05_IND_JAX,5,J.Downs,IND,11.4,13.11,WR
1256,00-0038998,2024_01_CAR_NO,1,J.Haener,NO,0.0,0.26,QB
1257,00-0038998,2024_05_NO_KC,5,J.Haener,NO,1.78,4.14,QB
1258,00-0039021,2024_03_CHI_IND,3,R.Johnson,CHI,8.2,9.55,RB
1259,00-0039021,2024_04_LA_CHI,4,R.Johnson,CHI,8.6,6.34,RB
1260,00-0039021,2024_05_CAR_CHI,5,R.Johnson,CHI,14.5,10.96,RB
1261,00-0039032,2024_01_TEN_CHI,1,T.Spears,TEN,5.2,5.79,RB
1262,00-0039032,2024_02_NYJ_TEN,2,T.Spears,TEN,4.1,4.7,RB
1263,00-0039032,2024_03_GB_TEN,3,T.Spears,TEN,8.1,4.58,RB
1264,00-0039032,2024_04_TEN_MIA,4,T.Spears,TEN,10.9,10.3,RB
1265,00-0039040,2024_01_JAX_MIA,1,D.Achane,MIA,19.5,14.44,RB
1266,00-0039040,2024_02_BUF_MIA,2,D.Achane,MIA,26.0,19.99,RB
1267,00-0039040,2024_03_MIA_SEA,3,D.Achane,MIA,7.3,15.24,RB
1268,00-0039040,2024_04_TEN_MIA,4,D.Achane,MIA,4.4,10.7,RB
1269,00-0039040,2024_05_MIA_NE,5,D.Achane,MIA,2.2,2.35,RB
1270,00-0039041,2024_01_ARI_BUF,1,E.Higgins,ARI,2.2,1.85,TE
1271,00-0039041,2024_02_LA_ARI,2,E.Higgins,ARI,8.3,2.99,TE
1272,00-0039041,2024_03_DET_ARI,3,E.Higgins,ARI,1.6,0.98,TE
1273,00-0039041,2024_04_WAS_ARI,4,E.Higgins,ARI,2.2,2.83,TE
1274,00-0039041,2024_05_ARI_SF,5,E.Higgins,ARI,6.7,3.05,TE
1275,00-0039050,2024_03_DEN_TB,3,P.Durham,TB,1.3,0.98,TE
1276,00-0039052,2024_01_WAS_TB,1,T.Palmer,TB,2.4,2.94,WR
1277,00-0039052,2024_03_DEN_TB,3,T.Palmer,TB,0.0,0.98,WR
1278,00-0039052,2024_04_PHI_TB,4,T.Palmer,TB,10.1,4.35,WR
1279,00-0039062,2024_01_CAR_NO,1,J.Mingo,CAR,4.3,5.89,WR
1280,00-0039062,2024_02_LAC_CAR,2,J.Mingo,CAR,0.6,1.85,WR
1281,00-0039062,2024_03_CAR_LV,3,J.Mingo,CAR,3.5,4.69,WR
1282,00-0039062,2024_04_CIN_CAR,4,J.Mingo,CAR,3.9,4.68,WR
1283,00-0039062,2024_05_CAR_CHI,5,J.Mingo,CAR,4.7,6.38,WR
1284,00-0039064,2024_01_BAL_KC,1,Z.Flowers,BAL,8.1,12.81,WR
1285,00-0039064,2024_02_LV_BAL,2,Z.Flowers,BAL,18.6,14.34,WR
1286,00-0039064,2024_03_BAL_DAL,3,Z.Flowers,BAL,3.8,4.08,WR
1287,00-0039064,2024_04_BUF_BAL,4,Z.Flowers,BAL,1.5,2.77,WR
1288,00-0039064,2024_05_BAL_CIN,5,Z.Flowers,BAL,15.5,18.38,WR
1289,00-0039065,2024_01_LA_DET,1,S.LaPorta,DET,6.5,6.58,TE
1290,00-0039065,2024_02_TB_DET,2,S.LaPorta,DET,2.3,2.83,TE
1291,00-0039065,2024_03_DET_ARI,3,S.LaPorta,DET,4.6,2.46,TE
1292,00-0039065,2024_04_SEA_DET,4,S.LaPorta,DET,7.3,3.59,TE
1293,00-0039066,2024_01_LV_LAC,1,M.Mayer,LV,1.3,2.83,TE
1294,00-0039066,2024_02_LV_BAL,2,M.Mayer,LV,1.6,0.98,TE
1295,00-0039066,2024_03_CAR_LV,3,M.Mayer,LV,1.2,3.66,TE
1296,00-0039067,2024_01_BAL_KC,1,R.Rice,KC,13.8,9.6,WR
1297,00-0039067,2024_02_CIN_KC,2,R.Rice,KC,16.0,6.54,WR
1298,00-0039067,2024_03_KC_ATL,3,R.Rice,KC,23.1,15.38,WR
1299,00-0039074,2024_01_LA_DET,1,D.Allen,LA,0.0,0.98,TE
1300,00-0039074,2024_05_GB_LA,5,D.Allen,LA,0.0,0.87,TE
1301,00-0039075,2024_01_LA_DET,1,P.Nacua,LA,6.2,4.42,WR
1302,00-0039139,2024_01_LA_DET,1,J.Gibbs,DET,15.4,16.29,RB
1303,00-0039139,2024_02_TB_DET,2,J.Gibbs,DET,14.1,13.44,RB
1304,00-0039139,2024_03_DET_ARI,3,J.Gibbs,DET,8.3,10.2,RB
1305,00-0039139,2024_04_SEA_DET,4,J.Gibbs,DET,19.8,12.5,RB
1306,00-0039144,2024_01_GB_PHI,1,L.Musgrave,GB,0.0,3.0,TE
1307,00-0039144,2024_02_IND_GB,2,L.Musgrave,GB,1.1,0.87,TE
1308,00-0039144,2024_03_GB_TEN,3,L.Musgrave,GB,0.8,0.98,TE
1309,00-0039144,2024_04_MIN_GB,4,L.Musgrave,GB,2.8,2.94,TE
1310,00-0039146,2024_01_GB_PHI,1,J.Reed,GB,31.1,8.45,WR
1311,00-0039146,2024_02_IND_GB,2,J.Reed,GB,5.6,2.73,WR
1312,00-0039146,2024_03_GB_TEN,3,J.Reed,GB,8.9,7.07,WR
1313,00-0039146,2024_04_MIN_GB,4,J.Reed,GB,23.6,10.12,WR
1314,00-0039146,2024_05_GB_LA,5,J.Reed,GB,11.7,7.76,WR
1315,00-0039150,2024_01_CAR_NO,1,B.Young,CAR,13.64,23.63,QB
1316,00-0039150,2024_02_LAC_CAR,2,B.Young,CAR,3.96,7.99,QB
1317,00-0039150,2024_05_CAR_CHI,5,B.Young,CAR,3.12,4.56,QB
1318,00-0039152,2024_01_TEN_CHI,1,W.Levis,TEN,12.68,15.35,QB
1319,00-0039152,2024_02_NYJ_TEN,2,W.Levis,TEN,15.48,17.9,QB
1320,00-0039152,2024_03_GB_TEN,3,W.Levis,TEN,19.6,17.66,QB
1321,00-0039152,2024_04_TEN_MIA,4,W.Levis,TEN,1.5,2.64,QB
1322,00-0039163,2024_01_HOU_IND,1,C.Stroud,HOU,18.86,19.72,QB
1323,00-0039163,2024_02_CHI_HOU,2,C.Stroud,HOU,14.4,14.45,QB
1324,00-0039163,2024_03_HOU_MIN,3,C.Stroud,HOU,13.8,14.44,QB
1325,00-0039163,2024_04_JAX_HOU,4,C.Stroud,HOU,23.5,25.94,QB
1326,00-0039163,2024_05_BUF_HOU,5,C.Stroud,HOU,19.94,15.88,QB
1327,00-0039164,2024_01_HOU_IND,1,A.Richardson,IND,28.08,15.52,QB
1328,00-0039164,2024_02_IND_GB,2,A.Richardson,IND,15.86,16.88,QB
1329,00-0039164,2024_03_CHI_IND,3,A.Richardson,IND,9.48,14.59,QB
1330,00-0039164,2024_04_PIT_IND,4,A.Richardson,IND,5.24,3.75,QB
1331,00-0039165,2024_01_DEN_SEA,1,Z.Charbonnet,SEA,11.1,7.15,RB
1332,00-0039165,2024_02_SEA_NE,2,Z.Charbonnet,SEA,15.4,14.16,RB
1333,00-0039165,2024_03_MIA_SEA,3,Z.Charbonnet,SEA,24.2,14.82,RB
1334,00-0039165,2024_04_SEA_DET,4,Z.Charbonnet,SEA,6.3,5.56,RB
1335,00-0039165,2024_05_NYG_SEA,5,Z.Charbonnet,SEA,4.5,5.67,RB
1336,00-0039165,2024_06_SF_SEA,6,Z.Charbonnet,SEA,4.0,3.34,RB
1337,00-0039236,2024_01_GB_PHI,1,J.Wilson,PHI,0.0,1.96,WR
1338,00-0039236,2024_02_ATL_PHI,2,J.Wilson,PHI,0.0,2.96,WR
1339,00-0039236,2024_03_PHI_NO,3,J.Wilson,PHI,1.4,2.51,WR
1340,00-0039236,2024_04_PHI_TB,4,J.Wilson,PHI,0.0,1.96,WR
1341,00-0039325,2024_01_BAL_KC,1,C.Steele,KC,0.3,0.99,RB
1342,00-0039325,2024_02_CIN_KC,2,C.Steele,KC,1.4,6.84,RB
1343,00-0039325,2024_03_KC_ATL,3,C.Steele,KC,7.9,15.95,RB
1344,00-0039325,2024_04_KC_LAC,4,C.Steele,KC,0.1,3.71,RB
1345,00-0039325,2024_05_NO_KC,5,C.Steele,KC,1.2,2.47,RB
1346,00-0039337,2024_01_MIN_NYG,1,M.Nabers,NYG,9.1,7.69,WR
1347,00-0039337,2024_02_NYG_WAS,2,M.Nabers,NYG,23.7,23.75,WR
1348,00-0039337,2024_03_NYG_CLE,3,M.Nabers,NYG,24.2,18.49,WR
1349,00-0039337,2024_04_DAL_NYG,4,M.Nabers,NYG,17.1,17.53,WR
1350,00-0039338,2024_01_LV_LAC,1,B.Bowers,LV,8.8,8.23,TE
1351,00-0039338,2024_02_LV_BAL,2,B.Bowers,LV,14.3,9.55,TE
1352,00-0039338,2024_03_CAR_LV,3,B.Bowers,LV,5.6,3.93,TE
1353,00-0039338,2024_04_CLE_LV,4,B.Bowers,LV,4.1,3.81,TE
1354,00-0039338,2024_05_LV_DEN,5,B.Bowers,LV,19.7,14.21,TE
1355,00-0039342,2024_01_CAR_NO,1,X.Legette,CAR,5.5,10.14,WR
1356,00-0039342,2024_03_CAR_LV,3,X.Legette,CAR,5.2,4.46,WR
1357,00-0039342,2024_04_CIN_CAR,4,X.Legette,CAR,16.6,13.05,WR
1358,00-0039342,2024_05_CAR_CHI,5,X.Legette,CAR,1.3,0.98,WR
1359,00-0039355,2024_01_WAS_TB,1,L.McCaffrey,WAS,3.3,4.78,WR
1360,00-0039355,2024_03_WAS_CIN,3,L.McCaffrey,WAS,5.9,3.92,WR
1361,00-0039355,2024_04_WAS_ARI,4,L.McCaffrey,WAS,2.2,1.86,WR
1362,00-0039355,2024_05_CLE_WAS,5,L.McCaffrey,WAS,3.4,2.83,WR
1363,00-0039356,2024_01_CAR_NO,1,J.Sanders,CAR,0.9,0.87,TE
1364,00-0039356,2024_02_LAC_CAR,2,J.Sanders,CAR,1.8,1.96,TE
1365,00-0039356,2024_03_CAR_LV,3,J.Sanders,CAR,0.0,0.98,TE
1366,00-0039356,2024_04_CIN_CAR,4,J.Sanders,CAR,2.6,2.44,TE
1367,00-0039356,2024_05_CAR_CHI,5,J.Sanders,CAR,2.8,5.29,TE
1368,00-0039359,2024_02_CHI_HOU,2,C.Stover,HOU,2.3,0.87,TE
1369,00-0039359,2024_04_JAX_HOU,4,C.Stover,HOU,3.2,1.74,TE
1370,00-0039359,2024_05_BUF_HOU,5,C.Stover,HOU,1.6,1.85,TE
1371,00-0039361,2024_01_WAS_TB,1,B.Irving,TB,8.6,7.05,RB
1372,00-0039361,2024_02_TB_DET,2,B.Irving,TB,2.2,3.45,RB
1373,00-0039361,2024_03_DEN_TB,3,B.Irving,TB,9.9,7.19,RB
1374,00-0039361,2024_04_PHI_TB,4,B.Irving,TB,12.0,14.32,RB
1375,00-0039361,2024_05_TB_ATL,5,B.Irving,TB,5.6,8.88,RB
1376,00-0039363,2024_02_SF_MIN,2,I.Guerendo,SF,0.0,0.49,RB
1377,00-0039363,2024_03_SF_LA,3,I.Guerendo,SF,1.9,2.47,RB
1378,00-0039363,2024_04_NE_SF,4,I.Guerendo,SF,0.0,0.49,RB
1379,00-0039363,2024_05_ARI_SF,5,I.Guerendo,SF,2.2,2.94,RB
1380,00-0039363,2024_06_SF_SEA,6,I.Guerendo,SF,9.9,6.05,RB
1381,00-0039364,2024_02_TB_DET,2,S.Vaki,DET,2.2,1.47,RB
1382,00-0039373,2024_01_DEN_SEA,1,A.Estime,DEN,1.4,0.99,RB
1383,00-0039384,2024_01_MIN_NYG,1,T.Tracy,NYG,1.2,3.82,RB
1384,00-0039384,2024_02_NYG_WAS,2,T.Tracy,NYG,0.2,2.0,RB
1385,00-0039384,2024_03_NYG_CLE,3,T.Tracy,NYG,5.0,4.32,RB
1386,00-0039384,2024_04_DAL_NYG,4,T.Tracy,NYG,2.6,2.84,RB
1387,00-0039384,2024_05_NYG_SEA,5,T.Tracy,NYG,13.5,10.92,RB
1388,00-0039386,2024_01_CAR_NO,1,B.Means,NO,0.0,0.98,WR
1389,00-0039424,2024_01_DEN_SEA,1,D.Vele,DEN,7.9,7.63,WR
1390,00-0039491,2024_04_CIN_CAR,4,J.Coker,CAR,0.0,1.47,WR
1391,00-0039491,2024_05_CAR_CHI,5,J.Coker,CAR,8.8,4.9,WR
1392,00-0039530,2024_02_NO_DAL,2,B.Spann-Ford,DAL,0.0,0.98,TE
1393,00-0039530,2024_05_DAL_PIT,5,B.Spann-Ford,DAL,3.0,3.33,TE
1394,00-0039589,2024_01_WAS_TB,1,K.Johnson,TB,0.0,0.49,WR
1395,00-0039589,2024_04_PHI_TB,4,K.Johnson,TB,0.0,3.1,WR
1396,00-0039603,2024_03_HOU_MIN,3,B.Brooks,HOU,0.2,0.49,RB
1397,00-0039623,2024_01_CAR_NO,1,M.Tipton,NO,1.1,0.98,WR
1398,00-0039623,2024_03_PHI_NO,3,M.Tipton,NO,2.1,2.94,WR
1399,00-0039623,2024_04_NO_ATL,4,M.Tipton,NO,1.1,0.98,WR
1400,00-0039623,2024_05_NO_KC,5,M.Tipton,NO,0.7,6.58,WR
1401,00-0039732,2024_01_DEN_SEA,1,B.Nix,DEN,14.02,21.4,QB
1402,00-0039732,2024_02_PIT_DEN,2,B.Nix,DEN,12.34,17.1,QB
1403,00-0039732,2024_03_DEN_TB,3,B.Nix,DEN,19.54,19.55,QB
1404,00-0039732,2024_04_DEN_NYJ,4,B.Nix,DEN,6.1,13.0,QB
1405,00-0039732,2024_05_LV_DEN,5,B.Nix,DEN,23.54,19.79,QB
1406,00-0039737,2024_05_ARI_SF,5,T.Reiman,ARI,1.0,0.98,TE
1407,00-0039738,2024_02_LA_ARI,2,B.Corum,LA,2.8,3.94,RB
1408,00-0039738,2024_05_GB_LA,5,B.Corum,LA,3.8,8.68,RB
1409,00-0039751,2024_02_LA_ARI,2,J.Whittington,LA,3.2,1.74,WR
1410,00-0039751,2024_03_SF_LA,3,J.Whittington,LA,4.3,2.83,WR
1411,00-0039751,2024_04_LA_CHI,4,J.Whittington,LA,9.2,9.06,WR
1412,00-0039751,2024_05_GB_LA,5,J.Whittington,LA,12.4,10.88,WR
1413,00-0039793,2024_03_MIA_SEA,3,A.Barner,SEA,2.8,2.72,TE
1414,00-0039793,2024_04_SEA_DET,4,A.Barner,SEA,9.7,2.57,TE
1415,00-0039793,2024_05_NYG_SEA,5,A.Barner,SEA,1.8,0.98,TE
1416,00-0039793,2024_06_SF_SEA,6,A.Barner,SEA,1.8,0.98,TE
1417,00-0039794,2024_01_NYJ_SF,1,B.Allen,NYJ,2.2,1.36,RB
1418,00-0039794,2024_02_NYJ_TEN,2,B.Allen,NYJ,18.6,7.19,RB
1419,00-0039794,2024_03_NE_NYJ,3,B.Allen,NYJ,8.3,8.29,RB
1420,00-0039794,2024_04_DEN_NYJ,4,B.Allen,NYJ,5.1,4.81,RB
1421,00-0039794,2024_05_NYJ_MIN,5,B.Allen,NYJ,3.3,4.32,RB
1422,00-0039798,2024_03_NE_NYJ,3,I.Davis,NYJ,0.6,1.48,RB
1423,00-0039810,2024_02_CIN_KC,2,J.Burton,CIN,5.2,2.95,WR
1424,00-0039811,2024_02_IND_GB,2,M.Lloyd,GB,2.3,3.83,RB
1425,00-0039814,2024_02_CIN_KC,2,E.All,CIN,5.2,4.19,TE
1426,00-0039814,2024_03_WAS_CIN,3,E.All,CIN,4.2,3.81,TE
1427,00-0039814,2024_04_CIN_CAR,4,E.All,CIN,4.8,3.81,TE
1428,00-0039814,2024_05_BAL_CIN,5,E.All,CIN,2.0,1.85,TE
1429,00-0039824,2024_02_CIN_KC,2,J.Wiley,KC,1.2,0.98,TE
1430,00-0039847,2024_01_MIN_NYG,1,T.Johnson,NYG,2.3,4.44,TE
1431,00-0039847,2024_03_NYG_CLE,3,T.Johnson,NYG,1.8,4.45,TE
1432,00-0039847,2024_04_DAL_NYG,4,T.Johnson,NYG,1.1,0.98,TE
1433,00-0039847,2024_05_NYG_SEA,5,T.Johnson,NYG,7.3,5.29,TE
1434,00-0039849,2024_01_ARI_BUF,1,M.Harrison,ARI,0.9,3.59,WR
1435,00-0039849,2024_02_LA_ARI,2,M.Harrison,ARI,27.0,18.58,WR
1436,00-0039849,2024_03_DET_ARI,3,M.Harrison,ARI,14.9,18.38,WR
1437,00-0039849,2024_04_WAS_ARI,4,M.Harrison,ARI,13.0,8.82,WR
1438,00-0039849,2024_05_ARI_SF,5,M.Harrison,ARI,4.6,8.91,WR
1439,00-0039851,2024_03_NE_NYJ,3,D.Maye,NE,2.08,4.96,QB
1440,00-0039855,2024_01_WAS_TB,1,J.McMillan,TB,9.7,4.9,WR
1441,00-0039855,2024_02_TB_DET,2,J.McMillan,TB,2.6,3.91,WR
1442,00-0039855,2024_03_DEN_TB,3,J.McMillan,TB,1.1,0.98,WR
1443,00-0039868,2024_02_PIT_DEN,2,T.Franklin,DEN,0.0,0.87,WR
1444,00-0039868,2024_03_DEN_TB,3,T.Franklin,DEN,2.1,5.66,WR
1445,00-0039868,2024_04_DEN_NYJ,4,T.Franklin,DEN,0.8,4.69,WR
1446,00-0039868,2024_05_LV_DEN,5,T.Franklin,DEN,2.5,3.69,WR
1447,00-0039874,2024_02_BUF_MIA,2,J.Wright,MIA,0.4,2.47,RB
1448,00-0039874,2024_03_MIA_SEA,3,J.Wright,MIA,1.7,0.99,RB
1449,00-0039874,2024_04_TEN_MIA,4,J.Wright,MIA,3.2,5.31,RB
1450,00-0039874,2024_05_MIA_NE,5,J.Wright,MIA,8.6,6.81,RB
1451,00-0039875,2024_01_ARI_BUF,1,R.Davis,BUF,3.2,2.93,RB
1452,00-0039875,2024_02_BUF_MIA,2,R.Davis,BUF,3.3,5.31,RB
1453,00-0039875,2024_03_JAX_BUF,3,R.Davis,BUF,8.8,6.26,RB
1454,00-0039875,2024_04_BUF_BAL,4,R.Davis,BUF,1.1,3.45,RB
1455,00-0039875,2024_05_BUF_HOU,5,R.Davis,BUF,0.9,1.85,RB
1456,00-0039880,2024_04_TEN_MIA,4,M.Washington,MIA,1.3,0.98,WR
1457,00-0039890,2024_01_HOU_IND,1,A.Mitchell,IND,0.7,6.92,WR
1458,00-0039890,2024_02_IND_GB,2,A.Mitchell,IND,3.5,5.4,WR
1459,00-0039890,2024_03_CHI_IND,3,A.Mitchell,IND,0.0,1.48,WR
1460,00-0039890,2024_04_PIT_IND,4,A.Mitchell,IND,1.0,4.9,WR
1461,00-0039890,2024_05_IND_JAX,5,A.Mitchell,IND,7.16,10.18,WR
1462,00-0039893,2024_01_JAX_MIA,1,B.Thomas,JAX,12.7,6.17,WR
1463,00-0039893,2024_02_CLE_JAX,2,B.Thomas,JAX,10.4,4.91,WR
1464,00-0039893,2024_03_JAX_BUF,3,B.Thomas,JAX,7.3,10.3,WR
1465,00-0039893,2024_04_JAX_HOU,4,B.Thomas,JAX,18.9,14.27,WR
1466,00-0039893,2024_05_IND_JAX,5,B.Thomas,JAX,20.7,9.34,WR
1467,00-0039894,2024_01_BAL_KC,1,X.Worthy,KC,19.8,6.45,WR
1468,00-0039894,2024_02_CIN_KC,2,X.Worthy,KC,3.2,6.2,WR
1469,00-0039894,2024_03_KC_ATL,3,X.Worthy,KC,4.0,6.72,WR
1470,00-0039894,2024_04_KC_LAC,4,X.Worthy,KC,14.8,5.22,WR
1471,00-0039894,2024_05_NO_KC,5,X.Worthy,KC,10.3,9.44,WR
1472,00-0039901,2024_01_ARI_BUF,1,K.Coleman,BUF,7.1,7.84,WR
1473,00-0039901,2024_02_BUF_MIA,2,K.Coleman,BUF,0.0,1.96,WR
1474,00-0039901,2024_03_JAX_BUF,3,K.Coleman,BUF,8.9,1.96,WR
1475,00-0039901,2024_04_BUF_BAL,4,K.Coleman,BUF,6.6,6.85,WR
1476,00-0039901,2024_05_BUF_HOU,5,K.Coleman,BUF,11.4,8.46,WR
1477,00-0039907,2024_01_NE_CIN,1,J.Polk,NE,1.1,0.98,WR
1478,00-0039907,2024_02_SEA_NE,2,J.Polk,NE,8.2,5.23,WR
1479,00-0039907,2024_03_NE_NYJ,3,J.Polk,NE,2.3,1.96,WR
1480,00-0039907,2024_04_NE_SF,4,J.Polk,NE,4.5,8.3,WR
1481,00-0039907,2024_05_MIA_NE,5,J.Polk,NE,1.8,8.82,WR
1482,00-0039910,2024_01_WAS_TB,1,J.Daniels,WAS,28.36,28.75,QB
1483,00-0039910,2024_02_NYG_WAS,2,J.Daniels,WAS,13.64,20.44,QB
1484,00-0039910,2024_03_WAS_CIN,3,J.Daniels,WAS,28.26,22.03,QB
1485,00-0039910,2024_04_WAS_ARI,4,J.Daniels,WAS,26.02,18.6,QB
1486,00-0039910,2024_05_CLE_WAS,5,J.Daniels,WAS,21.72,23.92,QB
1487,00-0039915,2024_01_LV_LAC,1,L.McConkey,LAC,12.4,8.69,WR
1488,00-0039915,2024_02_LAC_CAR,2,L.McConkey,LAC,3.6,4.91,WR
1489,00-0039915,2024_03_LAC_PIT,3,L.McConkey,LAC,5.9,7.46,WR
1490,00-0039915,2024_04_KC_LAC,4,L.McConkey,LAC,15.2,9.25,WR
1491,00-0039918,2024_01_TEN_CHI,1,C.Williams,CHI,7.42,15.56,QB
1492,00-0039918,2024_02_CHI_HOU,2,C.Williams,CHI,11.36,20.48,QB
1493,00-0039918,2024_03_CHI_IND,3,C.Williams,CHI,23.32,26.7,QB
1494,00-0039918,2024_04_LA_CHI,4,C.Williams,CHI,11.68,13.8,QB
1495,00-0039918,2024_05_CAR_CHI,5,C.Williams,CHI,23.56,17.94,QB
1496,00-0039919,2024_01_TEN_CHI,1,R.Odunze,CHI,1.6,3.97,WR
1497,00-0039919,2024_02_CHI_HOU,2,R.Odunze,CHI,4.3,7.7,WR
1498,00-0039919,2024_03_CHI_IND,3,R.Odunze,CHI,20.4,17.46,WR
1499,00-0039919,2024_04_LA_CHI,4,R.Odunze,CHI,1.5,4.76,WR
1500,00-0039919,2024_05_CAR_CHI,5,R.Odunze,CHI,6.5,7.1,WR
1501,00-0039920,2024_02_NYJ_TEN,2,M.Corley,NYJ,0.9,0.87,WR
1502,00-0039921,2024_01_ARI_BUF,1,T.Benson,ARI,2.3,2.54,RB
1503,00-0039921,2024_02_LA_ARI,2,T.Benson,ARI,2.2,6.29,RB
1504,00-0039921,2024_03_DET_ARI,3,T.Benson,ARI,0.8,0.99,RB
1505,00-0039921,2024_04_WAS_ARI,4,T.Benson,ARI,5.0,4.44,RB
